participant_number,communication_medium,communicator_candidate,agree_with_communicator,own_political_views,how_strongly,evaluator_candidate,trump,kasich,clinton,sanders,cruz,competent,thoughtful,emotional,likable,experience1_pleasure,experience2_pain,agency1_self_control,agency2_remembering,agency3_planning,agency4_self_aware,humanization1_refined_cultured,humanization2_impulsive,humanization2_reverse_impulsive,humanization3_rational,humanization4_open_minded,humanization5_unsophisticated,humanization5_reverse_unsophisticated,humanization6_emotional_warm,humanization7_superficial,humanization7_reverse_superficial,humanization8_mechanical,humanization8_reverse_mechanical,humanization9_mindless,humanization9_reverse_mindless,humanization10_developed_adult,humanization11_animal_less_than_human,humanization11_reverse_animal_less_than_human,humanization12_warm_friendly,similarity_to_you,positive_impression,negative_impression,reverse_negative_impression,persuasion1_belief_change,persuasion2_how_persuasive,persuasion3_how_hard_think,persuasion4_how_rational,human_uniqueness_scale,human_nature_scale,experience_scale,agency_scale,persuasion_scale,gender,age,easy_to_understand,time_spent_on_stimulus,memory_score
1,1,3,1,2,4,3,3,1,1,5,0,3,4,4,4,1,0,2,1,1,2,1,-1,1,1,1,-1,1,2,0,0,-2,2,-1,1,2,-1,1,1,4,4,2,4,4,3,4,4,1.17,1.17,0.5,1.5,3.75,2,33,4,104.461,1.5
2,1,1,0,3,3,3,0,0,0,6,0,6,6,6,6,0,0,0,0,0,0,0,0,0,0,0,0,0,0,0,0,0,0,0,0,0,0,0,0,3,3,3,3,0,3,3,3,0,0,0,0,2.25,2,30,6,154.58,1.5
3,3,1,0,0,0,3,0,0,0,6,0,2,0,3,4,1,-2,-2,0,0,0,0,-2,2,0,-3,-3,3,0,0,0,-1,1,1,-1,0,-2,2,0,3,3,1,5,0,0,3,3,1.17,-0.5,-0.5,-0.5,1.5,1,18,4,4.259,1
4,4,1,0,2,4,3,0,0,2,6,0,4,4,4,4,1,0,1,0,0,0,-1,0,0,1,1,-1,1,0,0,0,0,0,0,0,1,0,0,0,2,3,2,4,0,2,2,3,0.33,0.17,0.5,0.25,1.75,1,25,5,66.721,1.5
5,4,3,1,2,3,3,0,1,1,6,0,3,4,5,2,0,-2,1,0,0,0,0,-2,2,0,1,2,-2,-1,-1,1,1,-1,0,0,-1,-2,2,-1,3,2,3,3,3,2,2,2,0.17,-0.17,-1,0.25,2.25,1,26,4,43.976,1.75
6,3,1,0,1,3,3,0,0,2,5,1,4,4,4,2,0,0,0,0,0,0,-1,0,0,0,0,0,0,0,0,0,-2,2,0,0,0,0,0,0,2,3,2,4,0,0,4,2,-0.17,0.33,0,0,1.5,2,24,3,52.07,1.5
7,4,4,0,3,2,1,0,4,0,3,0,2,1,4,2,1,0,2,1,0,1,-2,1,-1,-2,-1,2,-2,0,1,-1,-1,1,0,0,0,-2,2,1,2,2,4,2,0,0,0,1,-0.83,0,0.5,1,0.25,1,26,6,10.583,1.5
8,3,3,1,1,4,3,0,1,3,4,0,2,2,4,4,1,1,-1,0,0,0,-1,0,0,-1,0,1,-1,1,0,0,-2,2,-2,2,0,-1,1,1,2,4,1,5,0,1,2,3,-0.33,1,1,-0.25,1.5,1,51,2,79.661,1.75
9,4,3,0,5,2,5,0,1,0,0,4,4,3,1,1,0,0,0,0,0,0,-2,0,0,1,1,0,0,0,1,-1,-2,2,0,0,0,-2,2,-1,2,2,3,3,0,0,4,1,0.17,0.17,0,0,1.25,2,34,4,102.116,1.5
10,4,1,0,1,5,4,0,2,5,5,0,4,5,4,4,3,3,3,3,3,3,0,0,0,0,-1,0,0,0,-1,1,-1,1,-1,1,3,-3,3,0,2,3,3,3,1,2,4,3,1,0.33,3,3,2.5,1,34,5,11.765,1.5
11,2,4,0,3,3,6,0,3,0,0,3,2,2,3,4,0,0,0,0,0,0,0,0,0,0,0,0,0,0,0,0,0,0,0,0,0,-1,1,1,1,3,3,3,0,0,1,1,0.17,0.17,0,0,0.5,1,41,3,110.834,1.5
12,2,1,0,2,2,6,6,2,4,5,3,4,5,3,5,1,-1,2,2,2,3,1,-2,2,2,2,-1,1,1,-2,2,-2,2,-2,2,2,-2,2,1,4,5,2,4,2,4,2,5,1.67,1.67,0,2.25,3.25,1,19,6,65.697,1.5
13,2,3,1,0,6,3,0,0,6,6,0,6,6,5,6,0,0,0,0,0,1,3,-3,3,3,3,-3,3,3,-3,3,-3,3,-3,3,3,-3,3,3,6,6,6,0,0,5,6,6,3,3,0,0.25,4.25,2,27,6,178.68,1.25
14,3,1,0,3,6,2,3,0,0,0,3,4,4,2,3,0,0,0,0,0,0,0,-3,3,0,0,-3,3,-2,-3,3,-3,3,-3,3,0,-3,3,0,3,4,2,4,0,1,4,4,1.5,1.17,0,0,2.25,2,21,4,4.88,1
15,4,2,0,1,4,3,0,3,3,5,3,1,1,4,2,1,1,-2,1,0,-1,-3,2,-2,-3,1,2,-2,-2,3,-3,3,-3,3,-3,-2,0,0,-2,0,1,6,0,0,0,0,0,-2,-2,1,-0.5,0,2,19,5,6.558,2
16,3,3,1,3,5,6,3,4,3,4,4,5,5,4,5,0,0,1,1,1,1,0,-2,2,2,1,-1,1,0,-1,1,-1,1,-1,1,0,-2,2,1,5,5,1,5,4,4,4,4,1.17,0.83,0,1,4,2,47,5,105.363,1.5
17,1,4,0,4,4,2,6,0,0,0,0,5,6,4,5,0,0,0,0,0,0,-1,0,0,0,0,0,0,1,-1,1,0,0,0,0,0,0,0,1,4,5,2,4,0,2,3,4,-0.17,0.5,0,0,2.25,2,33,6,92.842,1.75
18,1,1,0,3,5,2,3,1,0,2,0,4,4,1,4,1,1,1,2,0,0,-1,-1,1,1,-2,-1,1,1,-1,1,-2,2,-1,1,1,-3,3,0,3,3,1,5,0,2,3,4,1,0.5,1,0.75,2.25,1,34,5,90.253,1.5
19,1,2,0,4,3,3,0,3,0,5,2,1,3,5,4,0,0,-1,0,-1,-1,-2,1,-1,-2,-1,1,-1,1,1,-1,-1,1,0,0,0,0,0,-1,2,2,4,2,0,1,1,2,-1,-0.17,0,-0.75,1,2,27,3,92.676,1.75
20,3,4,0,2,5,3,1,2,3,4,0,2,3,4,3,0,0,0,0,-1,-1,-2,0,0,0,0,1,-1,0,0,0,0,0,0,0,0,0,0,0,2,3,3,3,0,1,1,2,-0.5,0,0,-0.5,1,1,35,5,164.343,1.5
21,1,3,1,2,5,3,1,0,3,6,0,6,6,4,5,2,2,2,2,3,3,2,-3,3,2,2,-3,3,0,-1,1,-2,2,-3,3,3,-3,3,2,5,6,0,6,1,4,6,6,2.67,1.67,2,2.5,4.25,1,30,6,195.602,1.5
22,2,3,1,2,4,4,0,3,6,5,3,4,4,3,4,0,0,0,0,0,0,0,-1,1,0,0,-1,1,0,-1,1,1,-1,1,-1,-1,-2,2,0,1,3,3,3,0,1,4,4,0.5,-0.17,0,0,2.25,2,50,5,213.741,1
23,2,2,0,6,6,5,2,2,0,1,4,4,4,0,2,1,1,1,1,1,1,-1,1,-1,0,0,0,0,-1,-1,1,0,0,0,0,0,0,0,-1,6,6,4,2,0,0,3,2,-0.33,-0.17,1,1,1.25,2,40,6,54.382,1.5
24,3,3,0,3,4,3,1,2,2,2,1,3,4,3,3,0,0,0,0,0,0,-1,-3,3,0,0,0,0,0,-2,2,-1,1,-2,2,1,-3,3,0,2,3,1,5,0,2,3,4,1,0.83,0,0,2.25,2,30,5,36.954,1.25
25,4,1,1,2,1,3,3,5,2,6,4,4,0,2,1,3,-1,-2,1,2,0,0,3,-3,-1,1,-3,3,-3,-1,1,3,-3,0,0,0,-3,3,-2,1,3,5,1,2,0,0,4,0.33,-1,1,0.25,1.5,1,23,5,4.799,1
26,2,1,0,2,4,3,0,2,2,6,1,3,4,2,4,0,0,0,0,0,0,1,-1,1,1,1,0,0,0,-1,1,0,0,-1,1,0,0,0,0,3,4,2,4,0,1,2,4,0.5,0.5,0,0,1.75,1,54,4,113.613,2
27,2,1,0,1,5,3,0,1,4,5,1,6,5,2,3,0,-1,2,1,1,-1,-1,-2,2,1,0,-1,1,0,-1,1,1,-1,0,0,1,-2,2,0,2,4,1,5,2,3,4,4,1,0,-0.5,0.75,3.25,1,36,5,151.347,1.5
28,3,3,1,1,5,3,0,0,0,6,0,6,6,5,6,2,2,3,3,2,2,2,-3,3,3,3,-2,2,2,-3,3,-3,3,-3,3,3,-3,3,2,6,6,0,6,0,6,5,6,2.67,2.67,2,2.5,4.25,1,28,6,44.838,1.25
29,1,1,0,3,0,6,0,0,0,1,0,4,4,1,2,1,0,2,2,1,1,2,-2,2,2,1,1,-1,-2,-1,1,0,0,-1,1,2,-2,2,-1,2,4,1,5,2,2,5,5,1.5,0,0.5,1.5,3.5,1,29,3,143.665,1.5
30,4,4,1,1,4,4,5,0,6,1,0,2,3,4,2,0,0,-1,2,0,-1,-2,1,-1,1,-1,2,-2,1,0,0,-2,2,-1,1,-2,-2,2,-1,0,2,4,2,0,0,2,2,-0.67,0.33,0,0,1,1,50,6,23.382,2
31,3,3,1,1,5,3,0,1,5,5,0,5,5,5,5,0,0,0,0,0,0,0,0,0,1,1,-2,2,0,-2,2,-2,2,-2,2,-3,-3,3,0,4,5,1,5,1,1,5,5,0.5,1.17,0,0,3,2,40,5,57.289,1.5
32,1,1,0,1,4,3,0,1,3,6,0,4,4,4,5,0,0,1,0,2,0,-1,0,0,1,0,1,-1,-1,-1,1,-2,2,-1,1,2,-2,2,0,3,4,2,4,4,4,5,4,0.5,0.5,0,0.75,4.25,2,27,5,121.901,1.25
33,4,3,1,4,5,6,4,0,2,5,1,5,5,4,5,0,0,1,0,1,0,-1,-2,2,2,2,0,0,1,-1,1,-2,2,-2,2,3,-3,3,1,2,5,1,5,1,5,6,5,1.5,1.5,0,0.5,4.25,1,27,5,54.61,1.5
34,1,3,0,6,6,5,4,3,0,0,6,2,2,4,2,0,1,0,-1,-1,-1,-2,0,0,-3,1,2,-2,0,1,-1,-1,1,0,0,0,-2,2,0,0,2,4,2,0,0,2,0,-0.83,0.17,0.5,-0.75,0.5,1,19,5,102.078,1.5
35,4,1,0,1,4,3,0,1,5,6,1,2,5,4,5,0,0,1,-1,-1,1,-1,0,0,1,1,1,-1,1,-2,2,-2,2,-1,1,0,-2,2,2,2,5,1,5,0,4,5,5,0.17,1.5,0,0,3.5,1,28,6,48.619,1.75
36,2,1,0,1,5,4,0,2,5,2,2,4,5,4,5,1,1,1,2,2,2,2,-2,2,2,2,1,-1,1,-1,1,-2,2,-2,2,2,-3,3,2,4,5,1,5,4,5,2,5,1.67,1.67,1,1.75,4,2,28,5,72.86,1
37,1,3,1,1,5,3,0,0,4,6,0,5,6,3,5,0,0,2,0,2,0,1,-3,3,2,2,-2,2,2,-3,3,-2,2,-2,2,3,-3,3,2,4,6,0,6,1,5,5,6,2.33,2.17,0,1,4.25,1,33,6,192.143,1.75
38,3,1,1,5,5,1,1,5,2,5,1,5,5,3,6,0,0,1,1,1,0,0,-3,3,1,2,0,0,1,-2,2,-3,3,-3,3,2,-3,3,2,4,5,1,5,0,4,5,4,1.5,2.17,0,0.75,3.25,1,60,5,50.948,2
39,4,2,0,4,4,3,0,6,0,5,0,2,4,4,3,0,0,0,0,0,0,-2,0,0,0,2,1,-1,0,-1,1,-1,1,-3,3,3,-3,3,0,3,3,0,6,0,3,3,6,0.5,1.17,0,0,3,2,51,6,6.653,2
40,3,1,0,1,4,4,0,2,4,1,1,5,5,4,5,2,-2,1,2,2,2,2,0,0,1,2,-1,1,-1,-1,1,-2,2,-2,2,3,-3,3,1,4,4,0,6,3,3,4,4,1.67,1.17,0,1.75,3.5,1,35,5,59.336,1.5
41,1,1,0,4,4,2,6,0,0,3,1,5,5,4,4,0,0,0,-1,1,1,0,-3,3,1,2,-3,3,0,-1,1,-2,2,-2,2,-3,-3,3,0,1,4,1,5,0,1,6,5,1.17,1.17,0,0.25,3,2,18,5,142.286,1.75
42,1,4,1,1,1,6,0,0,4,4,0,5,5,6,6,0,0,0,0,0,0,0,-3,3,2,2,-3,3,2,-3,3,-3,3,-3,3,2,-3,3,2,5,6,0,6,0,4,4,6,2.17,2.5,0,0,3.5,2,41,6,103.564,1.75
43,1,1,0,2,5,3,0,0,0,6,0,3,3,4,4,0,0,0,0,0,0,-1,-3,3,0,0,0,0,1,-1,1,1,-1,-1,1,0,-3,3,0,3,4,3,3,0,0,1,3,0.83,0.33,0,0,1,1,28,5,68.679,1.5
44,3,3,0,4,4,2,6,1,2,0,5,2,4,3,2,2,0,-2,-1,-2,3,-3,-1,1,-2,2,2,-2,2,2,-2,-2,2,1,-1,-1,-1,1,1,0,3,4,2,0,0,4,1,-1,0.67,1,-0.5,1.25,1,48,2,120.383,0.5
45,2,1,0,6,6,5,4,2,0,0,6,4,4,2,2,1,2,0,2,0,1,0,-1,1,1,-1,-1,1,1,1,-1,0,0,-1,1,0,1,-1,0,2,3,4,2,0,1,5,4,0.33,0,1.5,0.75,2.5,1,25,2,143.351,1.5
46,2,3,0,6,0,2,6,0,0,0,0,6,6,6,6,1,-1,1,1,0,1,2,-2,2,2,-1,-2,2,3,-2,2,-3,3,-3,3,-3,-3,3,3,3,4,5,1,4,5,6,6,1.33,2.17,0,0.75,5.25,2,25,6,192.425,1.5
47,4,3,0,5,4,2,5,5,0,1,0,0,1,6,1,0,0,-2,-1,-2,-2,-2,1,-1,-1,-2,1,-1,-1,-1,1,0,0,0,0,0,0,0,0,1,2,4,2,0,1,2,2,-0.83,-0.33,0,-1.75,1.25,2,22,2,28.527,1.5
48,3,1,0,3,4,3,4,3,0,5,0,4,4,3,3,-1,1,2,2,1,2,-2,-2,2,1,1,1,-1,1,-2,2,0,0,-2,2,1,-2,2,0,1,3,4,2,0,1,3,3,0.5,1,0,1.75,1.75,1,26,5,49.051,1.5
49,2,4,0,2,3,3,1,1,2,4,1,2,1,4,3,0,0,-1,0,0,-2,-2,1,-1,-2,-2,2,-2,0,1,-1,-2,2,-2,2,1,-2,2,0,1,1,5,1,1,1,1,1,-0.67,0.17,0,-0.75,1,1,23,2,97.763,1.75
50,3,1,0,6,6,2,6,3,0,0,5,6,6,3,5,2,2,2,3,2,2,2,-2,2,3,2,-3,3,1,-3,3,-3,3,-3,3,3,-3,3,2,5,6,0,6,0,4,6,6,2.67,2.33,2,2.25,4,2,39,4,82.594,1.5
51,1,3,0,5,5,2,6,3,0,0,3,2,2,1,2,0,0,0,0,0,0,-1,0,0,0,-1,0,0,0,-1,1,0,0,-1,1,0,0,0,0,1,1,2,4,0,0,3,1,-0.17,0.17,0,0,1,2,37,3,174.721,1.5
52,2,2,0,3,3,3,0,0,0,3,0,4,5,3,3,0,0,0,0,0,2,0,0,0,2,2,0,0,0,-2,2,0,0,-2,2,2,0,0,0,3,3,3,3,0,3,4,4,0.67,1,0,0.5,2.75,2,38,6,96.028,2
53,4,1,0,3,4,2,5,3,0,4,1,5,5,3,3,0,0,0,0,0,1,0,-2,2,1,1,-1,1,0,-1,1,-2,2,-2,2,2,-3,3,0,2,3,3,3,0,3,4,4,1.5,1,0,0.25,2.75,1,41,6,45.658,0.75
54,4,1,0,3,4,2,5,3,1,4,1,4,4,4,5,0,0,-1,-1,-1,-1,-1,-3,3,-1,-1,1,-1,0,-2,2,-2,2,-3,3,-1,-3,3,-1,2,4,1,5,0,3,4,4,0.33,0.83,0,-1,2.75,1,42,4,28.738,1.5
55,3,1,0,2,0,3,0,0,0,3,0,2,2,4,3,0,0,0,0,0,0,-1,0,0,0,0,1,-1,0,0,0,0,0,0,0,0,0,0,0,2,3,3,3,0,0,2,2,-0.33,0,0,0,1,1,32,5,39.074,1.75
56,4,2,1,4,5,2,4,3,0,1,3,3,3,4,4,0,0,0,0,0,0,-1,0,0,1,0,1,-1,0,0,0,1,-1,1,-1,0,0,0,-1,4,5,1,5,0,5,0,6,-0.17,-0.5,0,0,2.75,1,57,6,9.751,2
57,2,1,0,2,4,3,0,1,4,5,0,6,6,3,4,0,0,1,0,1,2,2,-2,2,2,2,-2,2,-1,-2,2,1,-1,-1,1,2,-2,2,0,3,4,1,5,1,4,4,5,2,0.5,0,1,3.5,2,32,4,140.758,1.25
58,4,3,1,0,6,3,0,2,2,5,0,5,6,4,6,0,1,2,2,2,3,-1,-3,3,2,3,1,-1,3,-2,2,-3,3,-3,3,2,-3,3,3,5,5,1,5,3,4,3,4,1.33,2.83,0.5,2.25,3.5,2,22,6,44.849,1.5
59,1,3,1,1,4,3,3,0,3,4,0,6,6,6,6,2,2,2,2,2,3,3,-3,3,3,3,-3,3,3,-3,3,-3,3,-3,3,3,-3,3,3,5,6,0,6,0,4,4,6,3,3,2,2.25,3.5,1,25,6,194.518,1.5
60,1,3,0,3,3,6,0,0,0,0,0,2,3,3,4,0,0,2,2,1,1,1,-1,1,0,0,2,-2,1,2,-2,-1,1,0,0,0,1,-1,-1,3,4,3,3,3,4,3,3,-0.17,-0.17,0,1.5,3.25,2,21,3,559.982,1.25
61,4,3,0,3,1,4,0,1,4,3,0,5,6,1,3,0,0,0,0,0,0,0,0,0,0,0,0,0,0,0,0,0,0,0,0,0,0,0,0,2,5,1,5,1,5,5,6,0,0,0,0,4.25,1,26,6,72.175,1.5
62,2,3,1,1,4,3,1,1,2,5,1,5,5,4,5,1,0,1,2,1,1,1,0,0,0,-1,0,0,0,1,-1,0,0,0,0,1,0,0,-1,4,5,1,5,1,5,5,5,0.33,-0.5,0.5,1.25,4,1,30,5,185.793,1.5
63,3,4,1,3,5,3,0,2,4,6,1,6,4,2,2,0,0,1,-1,1,0,1,1,-1,2,-1,-1,1,-1,1,-1,1,-1,0,0,3,-3,3,-1,2,2,4,2,0,0,5,2,1.5,-0.83,0,0.25,1.75,2,26,4,13.62,1.5
64,2,3,0,6,3,5,3,3,0,0,6,3,3,5,4,0,0,-1,0,-2,-2,-2,-1,1,-3,-2,0,0,-1,0,0,2,-2,0,0,1,0,0,0,0,1,5,1,0,0,2,1,-0.5,-0.83,0,-1.25,0.75,1,29,5,195.085,1.75
65,4,4,1,0,5,3,0,4,5,6,0,3,4,5,2,0,0,0,0,0,0,-1,0,0,0,2,1,-1,0,2,-2,-2,2,0,0,-1,0,0,0,3,3,3,3,0,2,3,3,-0.5,0.33,0,0,2,2,22,3,10.082,1.75
66,4,1,0,2,5,4,0,2,5,5,0,3,4,5,4,0,0,0,0,0,0,0,-1,1,1,0,0,0,0,-1,1,0,0,-1,1,0,0,0,1,2,4,0,6,0,3,4,5,0.33,0.5,0,0,3,2,48,5,87.48,1.75
67,3,4,1,0,6,4,0,0,4,5,0,4,4,5,5,0,0,0,0,0,0,0,0,0,0,0,0,0,0,0,0,0,0,0,0,0,0,0,0,5,5,1,5,0,3,4,4,0,0,0,0,2.75,1,34,5,90.31,1.75
68,1,1,0,0,6,3,0,0,3,6,0,2,4,1,2,0,0,1,0,1,1,0,2,-2,0,-2,-2,2,-1,-2,2,2,-2,-2,2,1,-2,2,-2,1,1,4,2,0,0,3,1,0.5,-0.5,0,0.75,1,1,28,5,150.118,1.5
69,3,1,0,3,1,2,6,0,0,0,0,3,3,2,3,0,0,0,0,0,0,-2,-2,2,0,-1,0,0,0,0,0,-2,2,-2,2,2,-3,3,0,1,3,3,3,0,0,4,3,0.83,0.5,0,0,1.75,2,61,6,57.68,1.5
70,2,4,1,0,6,4,0,0,6,5,0,4,5,2,6,0,0,0,0,0,0,0,-2,2,1,0,0,0,1,-3,3,-3,3,-3,3,0,0,0,2,4,5,0,6,0,3,5,4,0.5,2,0,0,3,2,40,5,92.071,1.5
71,3,3,0,2,5,4,0,0,5,1,0,5,6,4,6,0,0,0,0,0,0,-1,-3,3,2,2,-2,2,2,-2,2,-2,2,-3,3,2,-3,3,2,3,5,0,6,1,4,6,6,1.83,2.17,0,0,4.25,2,41,5,83.379,1.75
72,1,1,0,5,4,2,5,2,3,3,2,4,5,4,5,0,1,2,1,0,1,0,-1,1,1,1,-2,2,1,-2,2,-2,2,-3,3,2,-3,3,1,4,5,0,6,0,4,4,5,1.5,1.67,0.5,1,3.25,1,23,6,112.677,1.5
73,3,3,0,4,2,6,1,3,3,2,2,4,2,3,2,0,0,-1,2,1,0,1,-1,1,1,0,2,-2,-1,1,-1,-1,1,1,-1,0,2,-2,-1,3,3,3,3,3,2,2,3,-0.17,-0.5,0,0.5,2.5,1,23,3,17.259,1.5
74,1,3,0,1,5,4,0,5,5,3,2,2,6,5,4,0,2,-1,-2,-2,-1,-1,-3,3,1,2,1,-1,1,-2,2,-3,3,-2,2,0,-3,3,2,3,4,2,4,0,1,4,3,0.83,2,1,-1.5,2,1,31,2,194.053,1
75,1,4,0,3,3,3,0,3,0,6,2,6,6,3,6,0,-3,0,-2,-2,-2,1,2,-2,3,3,-3,3,2,-2,2,-3,3,-3,3,3,-3,3,3,3,6,1,5,3,5,5,5,1.83,2.67,-1.5,-1.5,4.5,2,45,6,92.352,1.5
76,2,2,1,4,4,2,5,2,0,5,0,3,5,6,4,0,0,0,0,0,0,0,-2,2,-1,1,0,0,1,-3,3,-3,3,-3,3,0,-3,3,0,3,3,3,3,0,2,4,5,0.67,1.83,0,0,2.75,1,38,5,48.587,1.75
77,1,2,1,5,3,2,6,2,5,3,4,5,2,5,4,1,2,0,3,2,1,0,2,-2,1,3,1,-1,2,-1,1,1,-1,0,0,2,1,-1,0,3,1,4,2,4,3,4,3,-0.17,0.83,1.5,1.5,3.5,2,23,4,57.723,0
78,2,1,0,0,6,3,0,0,4,6,0,4,5,3,4,0,0,0,0,0,0,0,-1,1,1,0,-1,1,0,-1,1,-1,1,-1,1,1,-3,3,1,3,4,2,4,0,2,4,5,1.17,0.67,0,0,2.75,1,41,5,117.336,1.5
79,4,3,1,1,4,4,1,3,5,5,0,3,5,4,4,0,0,0,-1,-1,-1,-2,0,0,-1,1,2,-2,0,-1,1,-1,1,-1,1,-1,0,0,0,3,3,2,4,1,1,4,3,-1,0.67,0,-0.75,2.25,2,39,5,361.137,1.25
80,2,3,0,1,4,4,3,4,5,3,2,5,4,5,5,1,-2,3,2,1,2,1,-2,2,1,2,-1,1,2,-2,2,-2,2,-2,2,-3,-3,3,2,5,5,4,2,4,4,5,4,0.83,2,-0.5,2,4.25,2,23,4,104.288,0
81,1,1,0,1,5,3,0,3,4,6,2,3,4,4,3,0,0,-1,-1,-1,-1,0,1,-1,0,0,0,0,0,1,-1,1,-1,0,0,0,0,0,0,3,3,1,5,1,1,2,2,-0.17,-0.33,0,-1,1.5,1,21,4,142.199,1.5
82,4,1,0,1,5,3,0,1,5,6,1,4,4,2,4,1,1,0,0,1,0,1,0,0,0,-1,-1,1,0,1,-1,1,-1,-1,1,0,0,0,-1,2,1,4,2,0,3,4,4,0.33,-0.5,1,0.25,2.75,2,27,3,68.797,1
83,1,1,0,3,4,5,1,2,0,1,3,4,5,3,4,0,0,1,1,0,1,0,-3,3,2,1,0,0,0,-1,1,0,0,-3,3,0,-3,3,0,3,4,3,3,2,3,4,5,1.33,0.83,0,0.75,3.5,2,43,6,102.025,2
84,1,3,1,3,6,3,0,0,0,4,0,2,1,1,1,1,0,0,1,0,0,0,1,-1,0,1,0,0,-1,-1,1,0,0,0,0,-1,-1,1,0,2,2,3,3,1,1,3,3,-0.17,0.17,0.5,0.25,2,1,28,4,216.108,1.5
85,4,1,0,1,1,3,0,3,5,5,3,2,2,3,1,0,0,0,0,0,0,-1,0,0,-1,0,-1,1,0,0,0,0,0,0,0,0,-2,2,0,2,2,3,3,0,0,1,1,0.17,0,0,0,0.5,2,28,3,102.378,1.25
86,4,1,0,1,4,4,3,1,5,1,2,3,4,2,1,-1,0,1,0,1,1,1,0,0,-1,0,1,-1,0,-1,1,0,0,-1,1,0,1,-1,0,3,4,2,4,3,2,3,4,-0.33,0.33,-0.5,0.75,3,2,22,1,84.443,1.25
87,3,3,1,3,3,6,3,2,1,5,4,5,5,3,5,2,2,1,1,2,2,2,-2,2,2,2,-2,2,2,-2,2,-2,2,-2,2,2,-3,3,2,5,5,1,5,4,5,5,5,2.17,2,2,1.5,4.75,1,29,5,32.381,1.5
88,3,3,1,0,5,6,0,2,6,6,1,4,5,6,5,0,1,0,0,0,0,-1,0,0,0,2,-1,1,1,0,0,0,0,0,0,0,0,0,1,2,5,1,5,0,5,5,5,0,0.67,0.5,0,3.75,2,45,6,64.1,1.75
89,2,3,0,5,5,5,0,1,0,0,2,3,3,6,2,0,0,0,0,0,0,0,-3,3,-1,-2,0,0,0,0,0,-2,2,-2,2,1,-3,3,0,0,1,3,3,0,0,5,1,1,0.33,0,0,1.5,2,56,1,207.532,1.25
90,1,1,0,3,3,3,0,2,0,6,4,4,4,2,3,0,0,1,2,0,-1,-1,-2,2,2,1,-3,3,-1,-2,2,2,-2,-1,1,1,-1,1,-1,2,4,2,4,2,4,3,3,1.33,0,0,0.5,3,1,25,6,66.527,1.5
91,2,1,1,2,4,3,4,5,0,6,0,6,6,0,5,0,0,0,1,0,1,2,-3,3,2,2,-3,3,1,-3,3,-2,2,-3,3,2,-3,3,3,3,4,2,4,0,0,6,6,2.5,2.33,0,0.5,3,1,38,6,69.642,1.25
92,2,1,0,4,4,2,5,0,1,0,0,3,4,4,5,1,-1,0,0,1,1,0,1,-1,2,2,1,-1,2,0,0,1,-1,1,-1,2,2,-2,0,4,3,5,1,3,4,4,3,0,0.33,0,0.5,3.5,2,19,4,151.076,1.5
93,1,3,1,1,5,3,2,1,5,6,0,3,6,4,6,1,-1,-1,0,0,0,-2,0,0,0,-1,1,-1,2,1,-1,-2,2,-2,2,1,0,0,2,5,5,1,5,1,4,5,6,-0.33,1,0,-0.25,4,1,59,5,101.514,2
94,4,2,1,3,4,2,4,1,1,1,1,0,1,3,3,0,0,0,0,0,0,-3,-2,2,-1,0,3,-3,0,0,0,0,0,1,-1,-2,0,0,0,0,1,4,2,0,0,2,1,-1.17,-0.17,0,0,0.75,1,33,1,18.235,1.75
95,3,1,1,5,5,4,5,5,6,3,4,5,4,5,3,2,2,1,1,0,0,2,2,-2,1,1,2,-2,1,1,-1,3,-3,1,-1,1,2,-2,2,5,4,5,1,5,6,4,4,-0.33,-0.17,2,0.5,4.75,1,23,5,7.208,0
96,2,3,1,2,3,3,0,0,2,6,0,1,1,3,2,0,0,0,-1,-1,-2,-2,0,0,-1,0,1,-1,0,1,-1,-1,1,1,-1,0,0,0,0,2,1,5,1,1,0,1,2,-0.67,-0.17,0,-1,1,2,19,2,205.448,1.75
97,2,4,1,0,6,3,0,1,5,6,0,5,6,4,5,0,0,0,0,0,0,0,0,0,1,1,-1,1,1,-1,1,-1,1,0,0,0,0,0,1,4,6,0,6,0,3,1,3,0.33,0.83,0,0,1.75,2,31,6,153.214,1.5
98,4,3,1,2,5,3,0,1,2,4,0,6,5,3,3,0,2,-1,3,0,1,0,-1,1,1,2,-2,2,0,-2,2,-1,1,-3,3,1,1,-1,0,2,4,2,4,0,2,4,4,0.67,1.33,1,0.75,2.5,1,34,6,121.338,1.5
99,4,1,0,1,6,3,0,0,1,6,0,6,6,3,6,0,0,2,2,2,2,1,-2,2,2,1,-1,1,0,-1,1,0,0,-1,1,1,-2,2,2,3,5,1,5,0,4,5,5,1.5,0.83,0,2,3.5,1,45,6,30.92,1.75
100,3,2,0,1,4,4,1,3,4,3,0,2,2,3,2,1,1,-1,0,-1,-1,-1,2,-2,-1,0,1,-1,2,1,-1,-2,2,1,-1,-1,-2,2,0,1,2,5,1,1,1,2,2,-0.67,0.33,1,-0.75,1.5,1,47,4,16.218,2
101,4,1,0,1,2,3,0,0,0,6,0,2,1,3,1,0,0,0,0,0,-1,-2,0,0,-2,-2,-1,1,0,0,0,0,0,0,0,0,0,0,0,1,2,4,2,0,0,0,0,-0.5,-0.33,0,-0.25,0,2,31,1,75.885,1
102,4,3,1,2,4,2,6,0,0,5,0,5,5,3,5,0,0,0,0,0,0,0,-2,2,2,2,-2,2,1,-2,2,-2,2,-2,2,3,-3,3,2,5,5,1,5,0,4,6,6,2,1.83,0,0,4,1,32,6,145.434,1.75
103,4,4,1,1,5,4,0,3,4,3,1,5,5,4,6,0,-1,1,-1,0,1,-1,-2,2,0,2,1,-1,-1,0,0,-1,1,-2,2,0,-2,2,1,4,4,2,4,0,3,4,5,0.33,0.83,-0.5,0.25,3,1,49,5,48.928,2
104,4,3,0,6,4,2,6,0,0,0,2,3,2,1,3,0,0,0,0,0,-2,0,-1,1,0,-3,0,0,0,0,0,2,-2,0,0,0,-1,1,0,0,3,3,3,0,0,0,3,0.33,-0.83,0,-0.5,0.75,2,42,5,76.696,1.75
105,2,3,1,0,6,4,0,0,6,4,1,6,6,5,5,3,3,3,3,2,3,3,-3,3,3,3,-3,3,2,-3,3,-3,3,-3,3,3,-3,3,2,6,6,0,6,4,6,6,6,3,2.67,3,2.75,5.5,2,59,6,188.31,1.5
106,2,3,1,2,4,3,3,2,1,6,0,4,6,2,5,1,-1,-1,2,3,3,1,-2,2,2,2,-2,2,1,-3,3,-3,3,-3,3,3,-2,2,2,1,5,0,6,0,3,5,5,2,2.33,0,1.75,3.25,1,20,5,108.313,1.75
107,4,3,0,5,5,6,1,1,0,0,2,5,4,4,4,0,0,0,0,0,0,-1,-2,2,0,-2,-2,2,1,1,-1,-1,1,-1,1,2,-2,2,0,1,2,4,2,0,0,2,1,1.17,0,0,0,0.75,2,46,4,62.327,1
108,4,2,0,2,5,3,0,0,0,6,0,1,1,3,2,-1,1,-2,-2,-2,0,-1,1,-1,-2,-2,1,-1,1,0,0,-2,2,-2,2,1,1,-1,1,4,2,5,1,1,2,4,2,-0.83,0.67,0,-1.5,2.25,2,23,5,3.245,1.25
109,1,3,1,0,6,4,0,2,6,5,0,5,4,5,4,0,0,1,1,0,1,2,-1,1,1,2,-2,2,0,0,0,0,0,-1,1,1,-2,2,0,4,4,1,5,0,2,5,3,1.5,0.5,0,0.75,2.5,1,24,5,179.399,1.5
110,2,1,0,2,4,3,0,3,0,6,2,2,3,2,3,2,2,2,1,2,1,-1,-3,3,-1,-1,0,0,-1,1,-1,1,-1,0,0,2,-3,3,0,0,2,3,3,0,1,2,2,1,-0.67,2,1.5,1.25,1,19,5,116.657,1
111,2,1,0,2,3,6,0,3,3,4,1,6,6,3,4,0,0,1,2,2,2,1,-1,1,2,1,-1,1,0,-1,1,1,-1,-1,1,1,-1,1,0,3,4,2,4,3,4,5,6,1.17,0.33,0,1.75,4.5,2,25,6,144.199,2
112,2,2,1,0,6,3,6,0,0,6,0,6,4,3,6,1,-3,3,3,3,3,0,0,0,3,3,0,0,0,0,0,0,0,-3,3,3,0,0,0,0,6,0,6,0,6,4,4,1,1,-1,3,3.5,1,22,6,66.121,1.5
113,3,3,1,4,4,3,0,1,0,5,2,5,6,4,5,-1,1,2,2,3,1,1,-3,3,1,2,-2,2,2,-3,3,-3,3,-3,3,2,-3,3,3,4,6,0,6,3,4,5,6,2,2.67,0,2,4.5,1,25,6,73.333,2
114,1,3,0,4,5,2,4,3,0,2,3,5,5,4,5,1,2,0,1,0,1,1,-1,1,1,0,-2,2,2,-1,1,-2,2,-2,2,1,-2,2,1,2,4,2,4,1,3,5,4,1.33,1.33,1.5,0.5,3.25,1,34,5,228.435,1.75
115,4,3,1,2,5,3,0,2,1,5,0,6,6,4,5,0,0,0,0,0,0,1,-1,1,1,1,0,0,0,-1,1,-1,1,-1,1,0,0,0,0,6,6,0,6,0,6,6,5,0.5,0.67,0,0,4.25,1,26,6,73.626,1.5
116,2,1,0,0,6,3,0,3,3,6,0,6,6,4,6,0,0,1,1,1,1,0,-3,3,2,2,-3,3,2,-3,3,-3,3,-3,3,0,-3,3,2,4,6,0,6,0,6,6,6,1.83,2.5,0,1,4.5,2,58,6,76.069,2
117,2,3,1,0,6,3,0,0,4,6,0,4,5,6,5,3,2,2,3,3,2,2,-3,3,2,3,-2,2,2,3,-3,-3,3,-3,3,3,-3,3,3,5,6,0,6,5,6,5,5,2.5,1.83,2.5,2.5,5.25,1,35,6,231.023,1.5
118,3,3,1,4,4,2,5,1,3,4,1,4,6,5,5,2,2,1,2,3,2,1,0,0,2,2,-1,1,0,0,0,-2,2,-3,3,2,-3,3,2,4,5,1,5,3,4,5,5,1.5,1.5,2,2,4.25,1,25,4,133.817,1.75
119,1,4,0,2,4,3,1,2,3,6,1,3,3,4,3,1,1,2,1,2,1,1,-1,1,1,0,0,0,1,0,0,-1,1,-1,1,1,-2,2,1,2,3,3,3,2,1,2,2,1,0.67,1,1.5,1.75,1,28,5,92.45,1.5
120,3,4,0,2,4,3,2,0,3,6,0,2,4,3,4,0,0,0,0,-1,-1,-1,0,0,0,0,-1,1,0,0,0,0,0,0,0,0,0,0,1,3,4,2,4,0,2,4,3,0,0.17,0,-0.5,2.25,1,30,4,34.757,1.5
121,4,1,0,0,6,3,0,0,4,6,0,6,4,2,5,3,2,2,3,3,3,2,-3,3,3,3,-3,3,2,2,-2,-3,3,-3,3,3,-3,3,3,2,2,5,1,4,3,4,4,2.83,2,2.5,2.75,3.75,2,42,6,43.212,1.25
122,1,4,0,2,5,3,1,2,3,5,0,3,3,2,5,0,0,0,0,0,0,0,-2,2,1,1,0,0,0,0,0,0,0,0,0,1,-2,2,0,3,5,1,5,0,0,3,5,1,0.17,0,0,2,1,35,6,96.701,1.5
123,1,3,1,1,5,4,0,1,5,4,3,5,5,4,5,1,1,1,1,1,1,1,1,-1,1,1,-1,1,1,-1,1,-2,2,-2,2,2,-2,2,2,5,5,0,6,4,4,3,4,1,1.5,1,1,3.75,1,43,5,841.184,1.25
124,3,1,0,1,4,3,0,2,1,5,2,2,2,1,2,0,1,1,1,-2,-1,-2,1,-1,-2,-2,2,-2,-1,1,-1,1,-1,0,0,-1,0,0,-2,2,2,4,2,1,2,3,1,-1.33,-1.17,0.5,-0.25,1.75,2,21,4,55.746,1.5
125,1,1,1,1,5,3,1,4,2,6,1,4,5,3,4,-1,0,0,1,1,1,1,-1,1,1,1,0,0,-1,0,0,1,-1,-1,1,0,-1,1,-1,2,4,1,5,1,3,4,5,0.67,-0.17,-0.5,0.75,3.25,1,23,5,142.412,1.5
126,4,1,0,3,6,6,0,3,3,3,3,4,5,3,3,0,0,0,1,1,1,1,-2,2,1,1,0,0,1,-2,2,-3,3,-3,3,2,-3,3,1,0,4,1,5,0,2,5,5,1.5,1.83,0,0.75,3,1,25,6,107.351,1.5
127,2,3,0,4,5,2,5,3,1,3,4,4,3,3,2,-1,-1,2,2,3,2,1,-1,1,2,2,0,0,-1,-1,1,0,0,-1,1,1,-1,1,0,3,3,4,2,0,2,5,4,1,0.5,-1,2.25,2.75,1,24,3,179.147,1.5
128,3,1,0,5,5,6,0,1,0,0,1,3,4,4,4,0,0,1,1,1,1,-1,-3,3,1,1,1,-1,0,-1,1,-2,2,-2,2,1,-3,3,1,3,3,3,3,2,3,4,5,1,1.17,0,1,3.5,2,67,5,98.336,2
129,1,3,1,1,3,3,0,4,1,6,4,4,3,3,2,0,0,1,-1,-1,1,1,-2,2,2,2,-2,2,-1,0,0,0,0,1,-1,1,-2,2,-1,3,2,4,2,0,1,4,5,1.67,-0.17,0,0,2.5,2,22,4,198.623,1.75
130,3,3,1,3,5,3,3,1,4,5,4,4,5,4,4,0,0,0,0,0,0,0,-1,1,0,1,-1,1,1,-1,1,-1,1,-1,1,0,-2,2,0,4,4,1,5,0,1,2,4,0.67,0.83,0,0,1.75,1,44,4,48.355,1.75
131,2,3,0,3,3,4,0,4,4,3,1,5,4,5,3,0,0,0,0,0,0,0,0,0,0,0,0,0,0,-1,1,-1,1,-1,1,0,-1,1,0,2,3,3,3,0,0,4,2,0.17,0.5,0,0,1.5,1,47,5,199.415,1.5
132,4,1,0,0,6,4,0,0,6,6,0,4,4,4,4,0,0,0,0,0,0,0,0,0,1,0,0,0,0,0,0,0,0,0,0,3,0,0,0,1,3,2,4,0,0,5,2,0.67,0,0,0,1.75,1,22,3,113.844,1.5
133,3,1,0,4,3,6,2,0,0,2,2,4,4,3,3,0,0,1,1,0,0,0,-1,1,1,0,0,0,1,-1,1,-1,1,-1,1,1,-2,2,0,2,4,2,4,0,2,3,4,0.83,0.67,0,0.5,2.25,1,50,4,25.194,1.25
134,2,1,0,2,4,3,0,2,4,5,1,2,4,3,3,1,1,0,-1,-2,-1,-2,1,-1,-1,0,2,-2,-1,0,0,1,-1,2,-2,-1,0,0,0,2,3,3,3,0,0,1,2,-1.17,-0.67,1,-1,0.75,1,30,4,75.088,1.5
135,3,3,1,0,3,3,0,1,4,5,0,4,4,6,5,1,1,0,0,0,1,0,0,0,0,2,-1,1,2,-2,2,-3,3,-3,3,1,-2,2,1,4,5,0,6,0,3,4,5,0.67,2.17,1,0.25,3,2,23,5,38.488,1.5
136,4,4,0,6,6,5,0,0,0,2,6,0,3,1,2,0,0,-2,-3,-3,-3,-3,2,-2,-3,-3,3,-3,1,3,-3,3,-3,3,-3,-2,-3,3,0,0,0,6,0,0,0,0,0,-1.67,-1.83,0,-2.75,0,2,43,0,15.96,2
137,2,2,0,0,5,4,0,2,5,5,0,4,3,5,3,0,0,0,0,0,0,1,0,0,0,1,0,0,0,0,0,0,0,0,0,1,0,0,0,0,3,3,3,0,0,4,1,0.33,0.17,0,0,1.25,1,21,5,54.174,1.5
138,2,1,0,6,6,2,6,0,0,2,0,6,6,4,5,0,0,2,0,1,0,1,-2,2,1,1,-2,2,-1,0,0,1,-1,0,0,1,-2,2,0,0,4,0,6,0,4,6,5,1.5,-0.17,0,0.75,3.75,2,52,6,120.636,1.25
139,1,1,0,2,4,6,0,2,4,4,3,2,5,2,3,-1,1,-1,-1,2,2,0,-3,3,1,-1,1,-1,-2,0,0,-1,1,-1,1,3,-3,3,-1,0,2,4,2,0,3,3,3,1.5,-0.33,0,0.5,2.25,2,24,3,121.32,0
140,4,2,0,2,3,3,0,1,0,4,0,1,1,2,1,0,0,0,0,0,-2,-1,1,-1,-2,-1,1,-1,-1,1,-1,1,-1,1,-1,-1,-2,2,-1,2,2,4,2,0,0,0,2,-0.67,-1,0,-0.5,0.5,1,25,1,2.523,2
141,3,2,0,4,6,1,3,6,0,3,0,3,2,4,3,0,0,0,0,0,0,0,0,0,0,3,0,0,0,0,0,-3,3,-3,3,0,-3,3,0,0,3,0,6,0,0,3,3,0.5,1.5,0,0,1.5,1,26,5,29.366,1.25
142,4,1,0,5,4,2,5,2,3,4,4,4,5,5,6,0,0,-1,2,2,1,1,-2,2,2,1,2,-2,1,-1,1,-1,1,-2,2,2,-2,2,1,4,5,1,5,1,4,6,4,1.17,1.17,0,1,3.75,1,41,4,78.811,1.5
143,3,4,0,0,6,3,3,1,2,5,0,0,2,5,2,2,0,-2,-2,0,-3,-2,-1,1,-2,0,3,-3,1,3,-3,-2,2,3,-3,-1,0,0,1,3,1,5,1,0,0,2,1,-1.17,-0.33,1,-1.75,0.75,1,32,5,20.446,1.75
144,4,3,1,5,5,3,0,2,2,6,0,6,6,2,6,3,3,3,3,3,3,3,-2,2,3,3,-2,2,2,-2,2,-2,2,-2,2,3,-2,2,1,4,6,0,6,0,6,4,6,2.5,2,3,3,4,2,29,6,63.357,1.5
145,3,3,0,3,3,6,3,3,3,3,3,5,6,4,5,2,3,3,3,3,3,3,-3,3,3,3,-3,3,2,-3,3,-3,3,-3,3,3,-3,3,3,2,6,0,6,0,1,5,6,3,2.83,2.5,3,3,2,32,6,192.811,1.5
146,1,3,0,5,5,5,5,3,0,0,6,6,6,5,6,-1,-3,2,2,1,3,0,1,-1,2,1,-3,3,2,-3,3,-3,3,-3,3,0,-3,3,2,3,6,0,6,0,5,5,5,1.17,2.33,-2,2,3.75,2,56,6,101.749,1.5
147,1,1,0,2,5,3,0,2,3,6,0,4,4,5,3,2,2,0,1,0,2,-1,0,0,0,2,0,0,2,0,0,-2,2,-1,1,1,-3,3,2,1,4,2,4,0,3,5,2,0.5,1.5,2,0.75,2.5,1,37,4,113.017,2
148,2,3,1,3,4,3,3,3,0,5,0,5,5,4,5,0,1,1,1,1,0,0,-2,2,1,0,0,0,0,0,0,0,0,-1,1,3,-3,3,1,3,4,2,4,2,5,6,5,1.5,0.33,0.5,0.75,4.5,2,42,5,173.996,1.5
149,2,2,0,3,4,1,0,3,0,3,3,4,4,3,3,2,2,2,2,2,2,2,2,-2,2,2,2,-2,2,2,-2,2,-2,2,-2,2,2,-2,2,4,3,3,3,3,3,3,3,0,0,2,2,3,2,21,6,45.426,1.25
150,1,3,1,3,2,3,0,1,0,5,1,6,6,1,5,0,0,0,1,2,1,1,-3,3,3,2,-2,2,-2,-2,2,-2,2,-3,3,2,-3,3,1,5,5,1,5,0,5,5,5,2.33,1.33,0,1,3.75,2,24,6,172.783,1.75
151,3,1,0,3,3,6,3,3,3,3,3,4,4,3,3,1,1,0,-1,1,0,-1,0,0,1,0,0,0,0,1,-1,-1,1,0,0,-1,0,0,1,3,4,3,3,0,2,4,3,-0.17,0.17,1,0,2.25,2,53,3,139.978,1
152,2,3,1,1,2,3,0,2,0,5,0,5,5,3,6,0,0,1,1,2,2,2,-2,2,1,2,-2,2,1,-2,2,-1,1,-1,1,1,-3,3,1,4,6,0,6,0,4,4,6,1.83,1.33,0,1.5,3.5,1,21,6,197.211,1.5
153,1,3,1,1,5,4,0,2,5,5,1,4,3,2,3,0,0,1,-1,0,1,-1,-2,2,1,-1,1,-1,1,-1,1,0,0,0,0,2,-3,3,0,1,4,3,3,0,0,4,4,1,0.17,0,0.25,2,1,32,4,156.514,1.75
154,2,3,0,2,4,6,4,1,4,2,1,6,6,6,5,1,0,0,2,1,2,1,-3,3,2,2,-1,1,0,-3,3,-3,3,-3,3,2,-3,3,2,3,5,0,6,3,5,5,6,2,2.17,0.5,1.25,4.75,1,26,5,101.687,2
155,3,1,0,3,4,6,0,3,1,4,3,3,5,4,3,2,2,3,3,3,3,3,-3,3,2,2,-2,2,1,-2,2,-3,3,-3,3,2,-3,3,1,3,5,1,5,0,0,3,5,2.5,2,2,3,2,2,24,5,54.402,1.5
156,2,4,0,4,5,2,3,1,2,3,2,3,2,3,4,-1,-1,-2,-2,-1,0,-1,-2,2,0,-1,0,0,0,1,-1,1,-1,0,0,-2,0,0,0,3,4,3,3,3,2,4,4,-0.17,-0.5,-1,-1.25,3.25,1,34,3,103.508,0
157,1,1,1,4,3,1,5,6,0,5,0,4,5,4,4,1,1,1,1,1,1,-1,-1,1,1,1,0,0,0,0,0,-1,1,-1,1,1,-1,1,0,4,4,2,4,2,4,4,4,0.5,0.5,1,1,3.5,2,36,5,75.662,1.5
158,1,4,0,6,6,2,6,4,0,2,3,3,2,3,4,1,1,0,-1,-1,0,-1,1,-1,-2,-2,2,-2,1,0,0,-1,1,1,-1,-1,-2,2,1,1,2,3,3,0,0,1,0,-0.83,0,1,-0.5,0.25,1,50,5,102.55,1.75
159,4,1,1,6,6,1,0,6,0,3,4,6,6,3,6,0,0,1,1,1,1,1,-2,2,1,1,-2,2,1,-2,2,-3,3,-3,3,-3,-3,3,2,5,6,0,6,0,6,6,6,1,2,0,1,4.5,1,33,6,65.769,1.5
160,4,1,0,2,5,3,1,2,1,5,1,5,4,4,4,1,-2,-2,-1,1,2,2,1,-1,1,1,-1,1,2,2,-2,1,-1,2,-2,1,0,0,1,5,4,2,4,5,4,5,4,0.67,-0.17,-0.5,0,4.5,1,29,5,12.785,1.5
161,4,1,0,1,5,4,0,2,5,4,2,4,4,3,3,1,1,2,1,0,1,1,1,-1,1,0,-1,1,1,1,-1,0,0,-1,1,1,-1,1,1,2,4,2,4,1,1,3,4,0.67,0.33,1,1,2.25,1,24,5,20.954,1.5
162,4,3,1,1,6,3,1,2,3,6,0,6,6,5,6,1,0,0,1,1,2,0,-1,1,2,2,-2,2,2,-2,2,-2,2,-2,2,2,-2,2,2,4,5,1,5,0,6,6,6,1.5,2,0.5,1,4.5,1,45,6,50.652,1.5
163,2,1,1,5,4,1,1,6,0,4,3,5,6,4,5,0,0,0,1,1,1,0,-1,1,0,1,-2,2,1,-2,2,-2,2,-3,3,1,-3,3,0,6,6,0,6,6,6,4,5,1.17,1.5,0,0.75,5.25,1,30,6,152.311,1.5
164,3,3,1,1,5,3,0,0,1,6,0,3,3,3,4,0,0,0,0,0,0,1,-1,1,1,1,-1,1,0,-1,1,-1,1,-1,1,1,-1,1,0,4,4,2,4,0,4,4,3,1,0.67,0,0,2.75,1,24,5,67.582,2
165,3,3,0,6,6,5,0,1,0,1,3,2,3,3,2,0,0,0,0,0,0,0,0,0,-1,-1,1,-1,0,1,-1,-1,1,0,0,0,-3,3,0,0,0,3,3,0,0,3,2,0.17,-0.17,0,0,1.25,1,25,6,61.919,1.75
166,2,1,0,1,4,3,0,0,0,5,0,0,0,0,0,0,0,0,0,0,0,0,0,0,-3,-3,2,-2,-2,2,-2,2,-2,2,-2,2,0,0,-1,0,0,5,1,0,0,4,0,-0.5,-2,0,0,1,2,25,3,116.283,1.25
167,3,4,1,1,5,4,0,0,6,5,0,4,4,6,6,0,0,0,0,0,0,0,0,0,1,1,1,-1,1,-2,2,-2,2,-2,2,-2,0,0,1,4,4,0,6,0,3,3,3,-0.33,1.5,0,0,2.25,1,26,6,10.957,1.5
168,3,1,0,4,5,4,2,3,5,4,3,3,5,4,3,1,2,0,1,2,1,0,2,-2,1,1,2,-2,2,-1,1,0,0,2,-2,1,0,0,1,4,5,3,3,4,5,3,4,-0.33,0.5,1.5,1,4,1,38,5,53.115,1.75
169,1,3,0,3,4,5,0,3,2,3,5,5,5,4,4,0,0,1,0,0,1,0,-1,1,1,0,0,0,0,0,0,-1,1,-1,1,0,0,0,1,3,4,2,4,1,3,4,4,0.33,0.5,0,0.5,3,1,23,5,387.366,1.75
170,4,4,1,0,4,4,4,1,5,2,2,3,1,5,2,1,-1,3,1,1,2,1,-2,2,2,1,1,-1,1,3,-3,2,-2,1,-1,3,-2,2,1,2,3,2,4,2,1,2,3,1.5,-0.5,0,1.75,2,1,26,4,11.157,1.75
171,2,1,0,1,5,4,0,2,5,5,0,4,5,2,5,1,-1,1,0,0,1,0,-2,2,1,0,-1,1,2,1,-1,-3,3,-3,3,1,-3,3,3,3,4,2,4,0,3,3,4,1.33,1.67,0,0.5,2.5,2,45,6,67.349,2
172,1,1,0,0,6,3,0,2,3,6,0,6,6,0,5,0,0,2,2,2,2,2,-2,2,2,2,-2,2,0,-3,3,0,0,-3,3,3,-3,3,1,4,5,1,5,0,3,5,6,2.33,1.5,0,2,3.5,1,35,6,153.812,2
173,4,3,1,3,1,3,0,1,1,5,0,5,6,6,5,0,0,0,0,0,0,-1,-1,1,1,2,1,-1,1,-2,2,-3,3,-3,3,2,-3,3,1,4,5,0,6,3,4,6,6,0.83,2,0,0,4.75,1,57,6,76.992,1.5
174,4,3,0,1,5,4,0,0,6,3,0,5,5,6,5,0,0,0,0,0,0,0,-2,2,1,1,0,0,1,-2,2,-2,2,-2,2,2,-2,2,1,5,5,0,6,3,5,6,6,1.17,1.5,0,0,5,2,32,6,80.302,1.75
175,3,3,0,3,1,6,2,2,0,1,2,2,5,2,3,0,0,0,0,-2,0,-2,0,0,-1,-2,2,-2,-1,0,0,0,0,0,0,-1,0,0,1,1,4,2,4,0,0,2,1,-1,-0.33,0,-0.5,0.75,1,54,5,59.001,1.75
176,4,3,1,0,6,3,0,1,3,6,0,4,5,5,5,2,-2,1,2,2,2,-1,-3,3,3,3,-3,3,1,-2,2,-3,3,-3,3,3,-3,3,2,6,6,0,6,0,4,5,5,2.33,2.33,0,1.75,3.5,1,59,4,69.57,1.75
177,1,2,0,4,4,1,0,5,0,0,0,6,6,4,6,0,0,0,0,2,2,0,-1,1,2,2,0,0,0,-2,2,-1,1,-2,2,2,0,0,0,4,6,0,6,4,4,5,4,0.83,1.17,0,1,4.25,2,21,6,52.339,2
178,1,1,0,3,4,1,0,1,0,0,0,4,4,4,4,0,1,1,0,0,0,1,1,-1,0,0,0,0,1,0,0,0,0,1,-1,1,0,0,0,4,4,3,3,3,4,4,3,0.17,0,0.5,0.25,3.5,1,30,4,81.373,0.75
179,4,1,1,4,5,2,5,4,0,0,4,4,4,3,4,1,1,1,1,1,1,1,1,-1,2,1,-2,2,1,-2,2,-2,2,-2,2,2,-3,3,2,4,5,1,5,1,3,5,5,1.5,1.67,1,1,3.5,1,38,4,52.249,1.5
180,1,4,0,5,5,2,6,5,0,0,3,5,4,2,6,0,0,0,0,0,0,0,-1,1,0,0,0,0,0,0,0,-1,1,-1,1,1,-3,3,2,2,4,1,5,0,0,3,2,0.83,0.67,0,0,1.25,2,49,5,92.743,2
181,3,2,1,4,5,2,4,0,0,2,0,3,3,6,3,0,0,-1,0,-1,-1,-3,0,0,-2,-2,1,-1,-2,2,-2,-2,2,0,0,-1,0,0,-2,0,2,4,2,0,0,0,0,-1.17,-1,0,-0.75,0,2,59,6,59.907,1.75
182,2,1,1,4,4,3,5,4,3,5,4,0,1,1,2,0,0,-1,0,1,0,1,-1,1,0,0,1,-1,0,1,-1,2,-2,0,0,0,1,-1,-1,2,2,3,3,0,3,2,4,0,-0.67,0,0,2.25,1,26,4,129.132,1
183,2,3,1,0,3,3,0,0,2,5,0,5,5,3,5,0,0,0,0,0,0,0,-3,3,0,0,-3,3,0,-3,3,-3,3,-3,3,0,-3,3,0,6,5,0,6,0,4,4,6,1.5,1.5,0,0,3.5,2,23,5,103.498,1.5
184,1,3,0,4,4,2,6,4,2,1,0,5,5,5,4,1,2,2,3,1,1,2,-3,3,2,2,-1,1,-1,-1,1,-1,1,-2,2,3,-2,2,0,4,4,0,6,0,3,6,6,2.17,0.83,1.5,1.75,3.75,1,26,6,348.867,1.25
185,2,2,0,2,4,1,0,5,3,0,2,3,2,1,2,-1,1,-2,-1,0,1,0,-1,1,-1,2,3,-3,-3,-2,2,-1,1,1,-1,-1,-3,3,-2,0,2,4,2,0,2,3,4,-0.17,-0.17,0,-0.5,2.25,2,40,5,46.25,1.75
186,3,3,1,3,3,3,0,0,4,6,0,6,6,6,6,0,0,0,0,0,0,1,-3,3,1,3,-3,3,2,-3,3,-3,3,-3,3,3,-3,3,3,5,6,0,6,0,5,3,5,2.33,2.83,0,0,3.25,1,26,6,38.497,1.5
187,4,1,0,6,6,2,6,2,0,0,6,3,4,5,5,0,0,0,0,0,0,0,0,0,-1,-1,0,0,-1,0,0,0,0,0,0,0,0,0,0,2,3,2,4,0,1,3,1,-0.17,-0.33,0,0,1.25,1,65,5,30.271,1.5
188,2,3,0,4,4,2,5,1,0,1,4,6,6,5,5,1,1,1,1,1,1,2,-2,2,0,0,-1,1,0,-1,1,-1,1,-1,1,1,-2,2,1,2,4,2,4,1,3,3,2,1.33,0.67,1,1,2.25,1,32,6,200.338,1.5
189,3,3,0,5,5,2,6,0,0,0,1,3,5,5,4,0,0,0,0,0,0,0,-3,3,0,-1,2,-2,0,0,0,-3,3,-3,3,2,-3,3,0,4,5,2,4,0,0,2,4,1,0.83,0,0,1.5,2,50,4,105.71,1.75
190,1,3,0,5,5,5,5,5,0,1,5,3,3,2,4,0,0,0,0,0,0,0,0,0,0,0,0,0,0,0,0,0,0,0,0,0,0,0,0,2,3,2,4,1,2,3,3,0,0,0,0,2.25,1,54,5,178.774,1.5
191,2,4,0,1,5,3,1,1,1,5,1,5,5,4,5,1,0,0,0,0,1,0,0,0,1,0,0,0,0,0,0,0,0,0,0,0,0,0,1,4,4,1,5,0,1,4,4,0.17,0.17,0.5,0.25,2.25,1,24,5,107.582,1.75
192,2,1,1,3,5,1,0,4,1,2,2,5,6,2,5,0,0,2,3,1,1,0,-3,3,2,2,-2,2,1,-3,3,-3,3,-3,3,3,-3,3,2,5,6,0,6,0,5,5,6,2.17,2.33,0,1.75,4,1,63,5,146.968,1.75
193,3,3,0,4,4,6,4,4,0,2,1,3,3,4,1,2,1,-1,-1,1,1,0,1,-1,-2,-1,2,-2,1,1,-1,-2,2,1,-1,1,-2,2,1,1,1,5,1,0,0,4,1,-0.33,0.17,1.5,0,1.25,2,57,4,78.031,1.75
194,2,3,1,1,5,3,0,0,3,6,0,6,6,4,5,0,0,1,2,1,3,0,-3,3,2,3,-2,2,2,-3,3,-3,3,-3,3,2,-3,3,1,6,6,0,6,0,6,5,6,2,2.5,0,1.75,4.25,2,60,6,175.138,2
195,1,3,0,5,6,1,0,5,1,0,4,0,1,4,4,0,0,0,-1,-1,0,-1,1,-1,-2,0,2,-2,0,2,-2,0,0,1,-1,-1,0,0,0,2,3,3,3,0,0,0,0,-1.17,-0.5,0,-0.5,0,1,57,4,102.596,1.5
196,4,2,1,5,5,2,5,3,0,0,1,2,3,4,3,3,3,3,3,3,3,-2,0,0,0,1,0,0,0,-2,2,-3,3,-3,3,0,0,0,1,3,4,2,4,0,1,1,4,-0.33,1.67,3,3,1.5,2,57,4,16.577,2
197,1,3,1,3,5,6,1,3,4,4,2,2,3,4,3,1,1,0,0,0,0,-2,0,0,-1,-1,2,-2,1,-1,1,-2,2,-1,1,0,-1,1,1,3,4,2,4,1,2,3,4,-0.67,0.83,1,0,2.5,1,49,4,119.064,1.5
198,2,1,0,5,5,2,4,3,1,1,1,4,4,4,4,0,0,0,0,0,0,0,0,0,0,0,0,0,0,0,0,0,0,0,0,0,0,0,0,3,3,3,3,3,3,3,3,0,0,0,0,3,2,42,4,74.321,1.5
199,1,1,0,0,6,3,0,0,6,6,0,4,4,2,3,0,0,0,0,1,0,0,-1,1,1,0,0,0,0,0,0,0,0,0,0,3,-3,3,0,1,2,4,2,0,1,2,3,1.33,0,0,0.25,1.5,2,43,4,116.717,2
200,1,1,0,1,6,4,0,3,6,5,0,4,5,2,4,0,0,1,2,1,2,0,-2,2,2,1,-1,1,1,-2,2,-2,2,-3,3,3,-3,3,0,3,4,2,4,1,4,6,5,1.83,1.5,0,1.5,4,1,41,4,147.283,1.75
201,3,1,0,2,4,6,0,3,1,4,2,5,5,4,4,0,0,1,2,3,2,0,-3,3,2,2,0,0,1,-2,2,-3,3,-3,3,2,-3,3,1,5,5,1,5,3,4,5,5,1.67,2,0,2,4.25,2,30,5,102.12,2
202,4,1,0,3,1,6,3,1,1,3,1,4,5,4,3,-1,0,2,2,1,-1,-2,-1,1,1,0,1,-1,1,0,0,1,-1,0,0,0,-2,2,-1,2,3,3,3,0,0,5,4,0.17,-0.17,-0.5,1,2.25,1,31,5,67.034,1.5
203,2,3,1,0,6,4,0,2,6,6,1,4,5,4,4,0,0,0,0,0,0,0,0,0,0,1,-1,1,0,0,0,-1,1,-2,2,-2,-2,2,1,5,4,1,5,1,4,5,5,0.17,0.83,0,0,3.75,2,24,5,203.565,1.5
204,4,1,0,1,4,3,0,0,4,5,0,5,5,4,5,1,0,1,1,1,1,1,-2,2,1,1,-2,2,1,-2,2,-2,2,-2,2,2,-2,2,1,3,4,0,6,0,1,1,4,1.67,1.5,0.5,1,1.5,1,34,5,33.138,1.75
205,2,2,0,1,4,3,0,2,0,6,2,2,1,4,3,0,0,-1,0,-2,-1,-2,0,0,-1,-2,2,-2,0,0,0,0,0,0,0,0,0,0,0,2,3,4,2,1,0,0,1,-0.83,-0.33,0,-1,0.5,2,32,5,45.469,1.75
206,1,3,0,5,5,2,5,4,0,3,2,5,5,3,4,0,0,1,1,1,1,2,-2,2,2,1,-2,2,0,-1,1,-1,1,-2,2,2,-2,2,0,4,4,2,4,1,1,5,4,2,0.83,0,1,2.75,1,28,6,175.409,1.75
207,4,3,0,4,2,5,2,4,5,2,4,4,5,4,5,2,-1,1,3,0,1,1,-1,1,-1,1,0,0,1,-1,1,1,-1,1,-1,2,0,0,2,4,5,1,5,3,4,1,5,0.5,0.5,0.5,1.25,3.25,1,26,4,59.638,0
208,4,1,0,1,6,4,2,3,5,5,0,6,6,3,3,0,0,0,0,0,0,0,-1,1,2,2,-1,1,1,-3,3,-2,2,-3,3,3,-3,3,0,4,5,2,4,0,4,5,6,1.67,1.83,0,0,3.75,2,65,6,93.519,1.5
209,1,1,0,4,4,3,0,3,0,6,1,5,6,6,4,2,2,1,1,0,3,0,-2,2,3,3,-1,1,1,-2,2,-3,3,-3,3,2,-3,3,2,5,5,0,6,0,4,2,6,1.83,2.33,2,1.25,3,1,39,6,70.404,1.25
210,4,3,0,5,6,5,0,4,1,3,5,5,6,6,4,0,1,0,2,1,1,2,-3,3,3,2,-3,3,1,-3,3,-3,3,-3,3,2,-3,3,1,3,4,1,5,3,5,6,5,2.67,2.17,0.5,1,4.75,2,46,5,47.851,2
211,2,3,1,1,3,3,1,0,0,6,0,6,6,5,6,0,0,0,0,0,0,0,0,0,0,0,0,0,0,0,0,0,0,0,0,0,0,0,0,6,6,0,6,2,6,6,6,0,0,0,0,5,1,31,6,104.757,1.75
212,4,2,1,5,4,1,4,5,0,1,0,2,2,3,3,0,0,0,-2,-2,-2,-2,0,0,-1,-1,2,-2,0,0,0,-2,2,-2,2,0,-3,3,0,1,1,4,2,0,0,1,3,-0.33,0.5,0,-1.5,1,1,26,6,4.93,2
213,3,1,0,4,4,2,4,2,2,0,2,5,5,3,4,0,0,0,0,0,0,2,-1,1,2,1,-1,1,0,-1,1,-2,2,-2,2,2,-2,2,1,4,4,2,4,2,3,4,4,1.67,1.17,0,0,3.25,1,39,5,33.727,1.5
214,4,1,0,1,5,3,0,0,1,6,0,1,1,4,1,0,0,-1,0,0,-1,-1,1,-1,0,-2,1,-1,-1,1,-1,2,-2,1,-1,-1,0,0,-1,1,1,4,2,0,0,1,1,-0.67,-1.33,0,-0.5,0.5,2,37,1,67.954,1.75
215,3,1,1,2,4,5,4,4,4,2,3,4,5,2,4,1,0,1,0,2,0,1,-1,1,1,2,-1,1,2,0,0,1,-1,0,0,2,1,-1,2,4,5,3,3,3,5,1,4,0.83,0.83,0.5,0.75,3.25,1,28,3,10.191,0.5
216,1,1,0,0,6,3,0,1,4,5,0,4,3,0,2,0,0,0,0,0,0,0,0,0,0,-1,-1,1,0,0,0,0,0,0,0,0,0,0,0,3,2,4,2,0,0,2,4,0.17,-0.17,0,0,1.5,1,42,6,122.514,1.5
217,4,4,1,3,3,2,6,2,5,3,2,6,4,6,5,0,0,0,0,0,0,0,0,0,0,0,0,0,0,0,0,0,0,0,0,0,0,0,0,3,5,2,4,0,3,3,3,0,0,0,0,2.25,1,28,6,58.171,1.5
218,3,4,0,5,4,2,4,1,0,2,0,3,3,3,3,0,0,0,0,0,0,-1,1,-1,0,0,1,-1,0,1,-1,1,-1,1,-1,0,0,0,0,2,3,3,3,0,0,2,3,-0.5,-0.5,0,0,1.25,2,36,4,64.239,1.5
219,3,2,0,2,5,4,0,5,4,1,3,1,2,5,3,1,1,1,2,1,1,-2,0,0,-2,0,2,-2,-1,2,-2,1,-1,2,-2,-2,0,0,0,0,3,3,3,0,0,3,3,-1.33,-1,1,1.25,1.5,1,71,6,36.233,2
220,3,3,1,2,2,3,0,0,4,5,2,5,5,5,5,0,1,0,1,1,1,0,0,0,0,0,0,0,0,0,0,0,0,0,0,0,0,0,0,4,5,2,4,3,4,5,5,0,0,0.5,0.75,4.25,2,20,5,29.518,1
221,2,1,0,1,3,4,0,3,3,4,1,3,2,3,3,0,-1,1,0,0,1,1,-1,1,0,0,-1,1,0,-1,1,-1,1,0,0,0,-1,1,0,3,4,4,2,4,3,4,3,0.67,0.33,-0.5,0.5,3.5,1,33,3,153.8,1.25
222,2,3,1,0,6,3,0,1,4,6,0,6,6,2,6,0,0,1,0,1,0,2,-2,2,2,3,-2,2,3,-3,3,-2,2,-2,2,3,-3,3,3,5,6,0,6,1,6,5,5,2.33,2.67,0,0.5,4.25,2,28,6,174.24,1.5
223,4,1,0,1,4,3,1,3,5,6,0,5,5,1,4,0,0,0,0,0,0,0,0,0,0,0,0,0,0,0,0,0,0,0,0,0,0,0,0,3,4,1,5,0,1,3,4,0,0,0,0,2,1,36,5,19.824,1.75
224,3,3,0,5,5,2,5,1,0,0,5,1,2,3,3,1,1,-1,0,0,-2,-2,1,-1,-1,-1,0,0,1,-1,1,-1,1,-1,1,-3,0,0,0,0,1,5,1,0,0,2,0,-1.17,0.5,1,-0.75,0.5,2,21,4,121.723,1.75
225,3,1,0,0,6,3,0,1,4,6,0,0,1,5,2,0,0,0,0,0,0,-1,1,-1,-1,-1,0,0,0,1,-1,0,0,0,0,0,-1,1,0,0,1,4,2,0,0,0,1,-0.33,-0.33,0,0,0.25,1,53,0,113.256,1.5
226,3,3,0,3,5,2,5,2,0,0,1,0,5,6,1,3,-3,-3,0,-3,3,-3,3,-3,-3,-3,2,-2,3,3,-3,-1,1,3,-3,-2,3,-3,-2,0,1,5,1,0,0,4,0,-2.67,-1.17,0,-0.75,1,1,54,5,134.963,1
227,2,1,1,2,4,1,3,6,4,3,0,5,6,4,5,1,0,1,2,3,1,2,-2,2,3,2,-2,2,1,-2,2,-3,3,-2,2,2,-2,2,2,5,5,0,6,1,4,5,6,2.17,2,0.5,1.75,4,1,47,5,141.955,1.5
228,3,1,0,1,4,4,0,2,6,3,4,5,4,4,4,2,-1,2,1,2,2,2,2,-2,1,1,-1,1,2,2,-2,1,-1,2,-2,2,1,-1,2,5,5,1,5,4,5,4,5,0.5,0,0.5,1.75,4.5,2,24,5,65.885,1.5
229,4,1,0,4,4,2,3,1,0,0,0,5,5,3,3,0,0,0,1,1,1,0,-3,3,0,-1,0,0,0,0,0,-1,1,-3,3,0,-3,3,0,3,3,2,4,0,0,3,3,1,0.5,0,0.75,1.5,1,53,6,119.993,1.75
230,3,1,0,1,5,3,0,1,5,6,0,4,5,4,6,1,1,1,1,1,1,1,-1,1,2,1,0,0,1,-2,2,-2,2,-3,3,2,-3,3,2,3,6,0,6,0,3,2,4,1.5,1.83,1,1,2.25,2,28,6,41.671,1
231,3,3,1,2,4,3,1,4,0,6,2,5,6,5,4,1,2,0,1,-1,-1,0,-1,1,1,2,0,0,1,-1,1,0,0,-2,2,1,-3,3,0,4,4,1,5,0,0,3,6,1,1,1.5,-0.25,2.25,2,23,6,128.286,1.5
232,2,2,0,4,3,2,3,0,0,0,1,4,4,3,3,0,0,0,1,1,1,0,-1,1,1,1,0,0,0,-2,2,-2,2,-2,2,1,-3,3,-1,4,4,1,5,0,1,3,4,1,1,0,0.75,2,2,34,5,45.791,2
233,2,3,0,6,5,5,4,1,0,0,6,2,1,5,1,0,0,0,1,2,1,-2,1,-1,-2,-3,2,-2,1,1,-1,-1,1,0,0,-2,0,0,-1,0,1,5,1,0,0,3,1,-1.5,-0.5,0,1,1,1,30,1,198.01,1.25
234,3,3,1,2,5,3,1,3,2,5,2,5,5,4,5,2,1,2,2,2,2,2,-3,3,2,2,-3,3,2,-3,3,-3,3,-3,3,2,-3,3,2,5,5,0,6,0,5,5,5,2.5,2.5,1.5,2,3.75,1,35,5,15.251,1.5
235,1,4,0,2,4,3,0,1,3,4,1,3,5,4,5,3,3,3,2,2,3,-1,-2,2,2,2,0,0,3,-2,2,-3,3,-3,3,3,-3,3,3,4,5,1,5,1,4,3,6,1.5,2.67,3,2.5,3.5,2,37,5,194.272,1.25
236,4,3,0,3,0,6,3,0,2,0,0,2,2,4,0,0,0,0,0,0,0,-2,1,-1,-1,-1,1,-1,0,0,0,0,0,0,0,0,0,0,0,0,0,5,1,0,0,3,3,-0.83,-0.17,0,0,1.5,2,36,6,64.418,1.5
237,2,3,1,3,4,3,0,3,0,5,3,4,4,3,4,0,0,0,0,0,0,0,-1,1,0,0,-1,1,0,0,0,-1,1,0,0,0,0,0,0,3,3,1,5,3,3,2,3,0.33,0.17,0,0,2.75,2,22,3,105.76,1.5
238,3,2,0,2,2,3,0,3,4,5,2,4,3,5,3,-1,2,-1,0,0,1,-2,1,-1,0,2,0,0,-2,1,-1,-1,1,-2,2,2,0,0,1,1,3,2,4,0,4,3,4,-0.17,0.5,0.5,0,2.75,1,39,6,42.718,1.75
239,2,1,0,2,2,3,1,3,1,4,2,4,5,2,3,0,0,0,1,1,0,0,-2,2,1,1,-1,1,0,-1,1,-2,2,-2,2,1,-2,2,0,1,3,3,3,1,2,5,4,1.17,1,0,0.5,3,2,32,5,114.465,1.5
240,2,1,0,0,4,3,0,0,0,5,0,2,3,2,4,0,-1,0,0,-1,0,-1,0,0,0,0,0,0,-1,-1,1,-1,1,0,0,-1,0,0,0,3,2,2,4,0,1,2,2,-0.33,0.17,-0.5,-0.25,1.25,2,27,3,66.88,1.5
241,1,1,0,0,6,3,0,1,5,6,0,3,3,1,3,0,0,0,0,0,0,-2,-2,2,2,0,-2,2,0,0,0,0,0,-3,3,3,-3,3,0,1,3,2,4,0,0,5,3,1.67,0.5,0,0,2,1,40,4,136.999,1.5
242,4,3,0,1,4,4,0,5,5,1,2,5,5,1,4,0,0,2,2,1,0,0,-1,1,2,0,-2,2,-1,-2,2,-2,2,-2,2,2,-2,2,0,2,4,2,4,0,3,4,4,1.5,0.83,0,1.25,2.75,1,3,5,23.796,1.25
243,3,4,0,4,4,6,0,0,0,3,3,0,0,3,2,0,0,0,0,0,0,-3,1,-1,-2,-2,2,-2,0,0,0,0,0,2,-2,-2,0,0,0,0,2,4,2,0,0,2,1,-1.67,-0.67,0,0,0.75,1,40,0,51.304,1.25
244,1,2,0,2,3,3,0,2,3,6,2,6,6,3,6,2,2,2,2,2,2,0,-3,3,0,1,-3,3,0,-3,3,-3,3,-3,3,1,-3,3,1,2,6,0,6,0,2,4,3,1.67,1.83,2,2,2.25,2,22,6,47.887,1.5
245,1,3,0,4,4,1,3,4,0,3,0,3,3,2,3,-1,-1,0,-1,-1,-1,0,-1,1,1,1,0,0,-1,0,0,2,-2,1,-1,0,-1,1,-1,3,3,2,4,0,0,3,3,0.5,-0.67,-1,-0.75,1.5,1,31,3,106.364,1.5
246,1,3,0,3,3,6,0,2,2,3,0,5,5,4,5,0,0,0,0,0,0,2,2,-2,1,1,-2,2,2,2,-2,-2,2,1,-1,0,-1,1,0,4,4,1,5,1,1,4,3,0.67,0.33,0,0,2.25,2,36,6,195.586,1.25
247,4,4,0,1,4,3,0,0,1,4,0,3,4,5,6,0,0,0,0,-1,1,-1,0,0,-1,2,-1,1,3,1,-1,-2,2,-2,2,-3,-3,3,2,4,5,0,6,0,0,4,5,-0.17,1.67,0,0,2.25,2,30,6,15.39,1.75
248,3,2,0,2,4,3,0,1,4,6,2,4,4,4,3,0,0,0,0,0,0,0,0,0,-1,1,0,0,0,1,-1,0,0,1,-1,0,0,0,0,5,4,3,3,0,0,1,3,-0.17,-0.17,0,0,1,2,36,4,35.375,1.25
249,3,1,0,1,5,3,0,1,4,5,0,1,1,4,3,0,0,-1,0,-1,-1,-1,0,0,-1,0,1,-1,0,1,-1,0,0,1,-1,-1,-2,2,0,0,2,5,1,0,1,2,1,-0.33,-0.33,0,-0.75,1,1,66,4,64.104,1.5
250,4,1,0,5,5,5,2,3,0,2,4,2,4,4,4,0,0,0,0,0,0,-1,0,0,1,0,-1,1,0,0,0,0,0,0,0,0,0,0,0,3,4,2,4,2,2,4,4,0.17,0,0,0,3,2,44,5,41.877,1.5
251,4,3,1,1,5,3,0,3,1,6,0,5,4,6,4,0,0,-1,-1,0,-1,0,0,0,0,0,0,0,0,-1,1,-1,1,-1,1,0,-1,1,0,4,3,1,5,0,1,1,6,0.17,0.5,0,-0.75,2,2,23,6,31.457,1.75
252,1,3,0,5,5,2,6,4,0,0,0,6,6,5,6,2,2,2,3,3,3,2,-3,3,3,3,-3,3,2,-3,3,-3,3,-3,3,3,-2,2,3,4,6,1,5,0,5,5,6,2.67,2.83,2,2.75,4,2,59,6,190.591,1.75
253,2,3,0,3,4,2,5,2,2,3,2,6,5,4,5,0,1,2,2,2,2,1,-2,2,1,2,-2,2,1,-1,1,-2,2,-2,2,2,-2,2,1,3,4,1,5,1,3,5,5,1.67,1.5,0.5,2,3.5,2,29,5,201.336,1.5
254,4,2,0,2,5,4,0,0,4,3,0,0,0,6,1,0,0,-1,0,-1,-2,-3,2,-2,-2,-2,3,-3,0,1,-1,0,0,0,0,0,0,0,0,1,1,5,1,0,0,3,1,-1.67,-0.5,0,-1,1,2,32,6,6.292,2
255,2,2,1,4,4,2,4,3,3,3,3,1,1,1,1,1,-1,-2,-2,-2,-2,-2,2,-2,-2,1,2,-2,-2,2,-2,0,0,1,-1,-2,1,-1,-2,0,0,4,2,0,0,0,0,-1.83,-1,0,-2,0,1,25,5,50.661,1.5
256,1,4,0,3,5,2,5,5,0,2,0,2,1,5,3,0,0,-1,0,-1,-1,-1,0,0,-1,-1,0,0,0,1,-1,-1,1,0,0,0,0,0,0,1,3,3,3,0,0,1,1,-0.33,-0.17,0,-0.75,0.5,1,46,3,101.392,2
257,2,1,0,0,6,4,0,0,6,3,0,2,2,0,2,0,0,0,-1,-1,0,-3,1,-1,0,-2,2,-2,-2,2,-2,0,0,-1,1,-1,-1,1,0,0,2,4,2,0,0,3,2,-1,-0.83,0,-0.5,1.25,2,42,3,75.737,1.75
258,1,3,1,1,3,3,0,0,0,6,0,5,6,6,6,1,2,0,2,1,1,3,-3,3,1,2,0,0,3,-3,3,0,0,-2,2,3,-3,3,3,4,6,0,6,0,4,6,6,2.17,2.17,1.5,1,4,1,26,6,191.767,1.5
259,2,1,0,3,6,6,1,2,0,2,0,4,5,1,3,-1,-2,-1,0,0,0,0,-1,1,1,0,-2,2,0,1,-1,1,-1,0,0,2,1,-1,-1,0,3,3,3,0,1,4,4,0.83,-0.5,-1.5,-0.25,2.25,1,54,4,150.62,1
260,2,1,0,3,4,3,1,1,0,6,0,4,4,2,3,0,0,0,0,0,0,0,0,0,1,1,0,0,0,0,0,0,0,0,0,0,0,0,0,3,3,0,6,0,0,4,4,0.17,0.17,0,0,2,1,24,4,119.373,1.5
261,1,1,0,4,4,5,2,3,1,3,4,4,4,3,4,0,0,0,0,0,0,0,-2,2,1,1,0,0,-1,-1,1,0,0,-1,1,0,-3,3,0,3,4,4,2,1,2,3,5,1,0.33,0,0,2.75,2,35,5,113.439,1.5
262,3,4,0,6,4,6,1,3,0,1,3,1,1,0,1,0,0,0,0,0,0,-1,0,0,-1,0,0,0,0,0,0,0,0,0,0,0,0,0,0,0,0,4,2,0,0,0,0,-0.33,0,0,0,0,2,32,3,47.936,1.5
263,3,3,0,2,3,6,0,1,4,3,1,3,5,4,5,0,0,0,0,0,0,-1,0,0,2,1,-1,1,1,0,0,0,0,0,0,1,-3,3,1,3,5,0,6,3,4,5,5,1,0.5,0,0,4.25,2,55,6,42.087,1.75
264,3,1,1,1,6,3,0,5,0,6,0,6,4,4,5,0,0,0,0,0,0,0,0,0,0,0,-2,2,-1,1,-1,0,0,0,0,0,-2,2,2,4,5,1,5,1,3,4,5,0.67,0,0,0,3.25,1,33,6,30.311,1.5
265,3,3,0,3,6,2,6,1,0,1,1,2,5,5,4,0,0,0,0,0,0,-1,0,0,-1,1,0,0,1,-2,2,-2,2,-2,2,2,-3,3,2,1,2,4,2,0,0,4,2,0.5,1.67,0,0,1.5,2,53,4,110.976,0.75
266,1,3,0,3,4,6,0,1,1,1,0,4,5,4,3,0,0,1,1,1,0,1,-1,1,1,0,-1,1,0,0,0,-1,1,-1,1,1,-1,1,0,3,3,3,3,1,1,5,4,1,0.33,0,0.75,2.75,2,30,6,174.09,1.5
267,1,1,0,3,5,3,1,2,1,5,1,3,2,1,4,-1,-1,1,0,0,0,-1,-2,2,1,0,0,0,-3,0,0,2,-2,0,0,1,-1,1,-1,2,3,3,3,0,1,2,3,0.67,-1,-1,0.25,1.5,1,29,5,70.289,1.75
268,4,3,0,4,4,5,4,3,0,0,6,1,1,5,2,0,0,-2,-1,-1,0,-3,1,-1,-2,-2,-2,2,-1,1,-1,-1,1,-3,3,-1,-3,3,-1,0,1,4,2,0,0,4,1,-0.33,-0.17,0,-1,1.25,1,60,5,66.765,1
269,4,1,0,1,5,4,0,3,5,4,0,6,6,1,5,2,0,3,2,2,3,2,-3,3,3,3,-3,3,1,-2,2,-3,3,-3,3,2,-3,3,3,3,4,0,6,1,4,3,4,2.67,2.5,1,2.5,3,1,26,5,25.869,1.25
270,2,4,0,1,6,3,1,4,2,6,0,2,6,5,5,3,2,0,1,1,0,-2,0,0,-1,1,-1,1,2,-1,1,-3,3,-3,3,1,-3,3,2,1,5,2,4,0,2,4,3,0.33,2,2.5,0.5,2.25,2,37,6,98.25,1.75
271,3,1,0,2,6,3,1,3,1,6,0,5,6,5,5,0,0,0,0,0,0,0,0,0,0,0,0,0,0,0,0,0,0,0,0,0,0,0,0,3,4,1,5,0,2,6,5,0,0,0,0,3.25,1,33,6,82.063,1
272,4,1,0,1,5,4,0,3,5,4,1,5,6,3,5,0,0,1,0,0,1,0,-1,1,1,1,-1,1,0,0,0,-1,1,-1,1,2,-2,2,0,4,5,0,6,1,5,5,6,1.17,0.5,0,0.5,4.25,2,26,6,53.699,2
273,2,3,1,4,5,4,0,1,6,5,1,6,6,5,5,1,0,-1,1,0,0,2,0,0,-1,0,1,-1,1,0,0,-1,1,1,-1,3,-3,3,3,5,4,1,5,5,4,1,3,1,0.67,0.5,0,3.25,1,27,6,181.033,0.75
274,1,3,0,0,6,4,0,2,6,0,0,6,6,6,6,0,0,0,0,0,0,-1,-3,3,2,0,-1,1,2,-3,3,-3,3,-3,3,2,-3,3,1,2,4,0,6,0,0,6,6,1.67,2,0,0,3,2,36,6,103.305,1.5
275,1,1,0,4,4,5,4,0,1,0,5,4,4,2,5,0,0,1,1,2,2,1,-3,3,2,2,0,0,1,-3,3,-3,3,-3,3,2,-3,3,2,4,5,2,4,0,2,4,4,1.83,2.33,0,1.5,2.5,1,38,5,150.375,1.5
276,2,2,0,1,5,3,0,0,2,5,0,1,2,5,1,0,0,-1,0,-1,-1,-1,2,-2,-2,-2,1,-1,-2,1,-1,-1,1,-3,3,-2,-3,3,-2,1,2,5,1,1,0,1,2,-0.83,-0.5,0,-0.75,1,2,39,5,50.296,1.5
277,1,2,0,1,5,4,0,2,5,3,0,5,4,4,5,0,0,-1,0,0,1,0,-2,2,0,0,0,0,1,-1,1,-2,2,-3,3,1,-3,3,0,4,5,3,3,1,2,4,3,1,1.17,0,0,2.5,1,43,5,49.595,2
278,2,3,0,4,1,6,3,5,2,1,5,4,3,3,3,0,0,0,0,0,0,0,-1,1,1,-1,0,0,0,0,0,0,0,-1,1,1,-2,2,1,2,4,3,3,1,2,2,2,0.83,0.17,0,0,1.75,2,25,5,177.316,1.5
279,2,1,0,3,4,6,4,3,5,1,1,5,5,5,6,1,-1,1,2,2,2,1,-2,2,2,1,-2,2,-2,-2,2,-2,2,-2,2,2,-2,2,2,4,5,2,4,0,1,4,5,1.83,1.17,0,1.75,2.5,2,30,4,154.539,1
280,4,3,0,2,4,6,0,0,4,3,0,5,5,3,4,1,1,1,1,2,1,1,-2,2,2,1,-2,2,0,-2,2,-2,2,-2,2,2,-3,3,1,4,5,1,5,1,3,3,4,2,1.33,1,1.25,2.75,1,32,5,57.349,1.75
281,4,1,0,6,6,2,5,1,0,0,4,3,4,2,3,0,0,0,0,0,0,0,0,0,1,1,-1,1,0,-2,2,-2,2,0,0,0,-3,3,0,3,4,1,5,0,2,4,4,0.83,0.83,0,0,2.5,2,52,4,22.869,1.5
282,4,4,0,0,5,3,0,2,3,6,0,3,3,3,3,0,0,0,0,0,0,0,0,0,-1,0,0,0,0,0,0,0,0,0,0,0,0,0,0,3,2,2,4,0,0,2,3,-0.17,0,0,0,1.25,2,25,4,11.806,1.25
283,2,3,0,5,5,2,5,0,0,1,0,3,3,1,3,0,0,0,0,0,0,-1,0,0,0,0,0,0,0,0,0,0,0,-1,1,0,0,0,0,1,1,1,5,0,0,1,2,-0.17,0.17,0,0,0.75,1,56,5,165.17,0.75
284,3,3,1,4,4,3,1,6,3,6,0,5,6,5,6,1,1,1,1,1,1,2,-2,2,2,2,-1,1,2,-2,2,-3,3,-3,3,2,-3,3,2,5,5,0,6,1,5,5,5,2,2.33,1,1,4,2,67,6,60.664,1.5
285,4,3,1,3,3,6,0,1,2,4,1,5,6,4,5,0,0,0,1,1,1,1,-1,1,1,1,-1,1,0,-1,1,-1,1,-1,1,1,-1,1,0,3,5,1,5,2,4,5,5,1,0.67,0,0.75,4,2,24,6,44.415,1.5
286,3,3,1,2,4,4,1,3,5,4,0,4,3,3,4,1,1,2,1,2,2,1,-2,2,2,1,-2,2,1,-2,2,-2,2,-3,3,2,-3,3,1,3,4,1,5,0,3,4,5,2,1.67,1,1.75,3,2,32,4,55.716,1.5
287,1,3,1,2,4,3,0,2,3,5,2,6,6,4,5,1,1,1,1,1,1,2,-3,3,3,3,-3,3,2,-3,3,-3,3,-3,3,2,-3,3,1,4,5,0,6,0,3,5,5,2.67,2.5,1,1,3.25,2,40,6,192.606,1.5
288,2,3,1,0,5,3,0,0,4,6,0,6,6,4,6,0,0,0,0,0,0,0,0,0,0,0,0,0,0,0,0,0,0,0,0,0,0,0,0,4,6,0,6,0,6,5,6,0,0,0,0,4.25,2,21,6,144.915,1.5
289,3,4,1,1,5,3,0,1,5,6,0,3,2,5,3,0,0,0,0,0,0,-1,0,0,-1,-1,1,-1,0,1,-1,-1,1,0,0,0,-3,3,0,2,1,4,2,0,0,1,1,0,-0.17,0,0,0.5,1,62,3,53.72,1.75
290,1,3,1,1,5,4,1,2,6,4,2,4,4,4,5,0,0,0,0,0,0,-1,-1,1,-1,0,-1,1,0,-1,1,-1,1,-1,1,-1,-1,1,-1,1,4,2,4,0,2,6,3,0,0.33,0,0,2.75,2,60,6,102.67,1.5
291,4,2,1,4,4,2,4,4,0,1,2,2,2,3,2,0,0,0,0,0,-1,-1,0,0,0,-1,1,-1,0,0,0,1,-1,0,0,0,0,0,0,1,2,2,4,0,0,1,2,-0.33,-0.33,0,-0.25,0.75,1,45,3,11.291,2
292,4,1,0,3,2,6,4,0,3,0,3,3,3,3,5,-1,0,-2,1,0,1,1,-2,2,1,1,-2,2,2,-1,1,-1,1,-1,1,2,-2,2,1,4,4,4,2,1,4,3,3,1.67,1.17,-0.5,0,2.75,2,34,4,67.924,1.25
293,2,4,1,0,6,4,0,1,6,5,2,6,6,2,5,0,0,0,0,0,0,0,-3,3,1,2,0,0,1,-2,2,-3,3,-3,3,1,-3,3,1,5,5,1,5,0,5,5,5,1.33,2,0,0,3.75,2,47,6,95.213,1.25
294,4,3,1,0,6,3,0,0,4,5,0,3,4,4,5,0,0,0,0,0,0,0,0,0,0,0,0,0,0,0,0,0,0,0,0,0,0,0,0,4,5,1,5,0,2,4,5,0,0,0,0,2.75,1,30,5,70.249,1.5
295,1,4,0,1,4,3,0,2,2,5,1,4,6,5,5,1,-2,0,1,1,2,1,1,-1,2,2,-2,2,2,-2,2,-3,3,-3,3,2,-3,3,2,4,6,0,6,5,4,5,4,1.5,2.33,-0.5,1,4.5,2,25,6,109.73,1.5
296,1,1,0,0,6,4,0,0,6,6,0,4,5,2,4,0,0,0,0,0,0,0,-3,3,1,0,0,0,1,-2,2,-2,2,-2,2,3,-3,3,2,3,4,1,5,0,0,6,4,1.67,1.5,0,0,2.5,2,62,6,113.306,1.5
297,3,1,0,5,5,6,0,3,3,3,3,4,4,4,4,0,0,0,0,0,0,0,0,0,0,0,0,0,0,0,0,0,0,0,0,0,0,0,0,2,3,1,5,0,1,2,3,0,0,0,0,1.5,1,42,4,118.331,1.25
298,3,3,0,5,5,2,6,4,0,1,0,5,5,5,5,3,3,2,3,3,3,0,-2,2,0,0,-3,3,1,-3,3,-3,3,-3,3,2,-3,3,2,3,4,1,5,0,3,5,3,1.67,2,3,2.75,2.75,1,63,6,140.058,1.5
299,3,1,0,4,4,3,1,3,2,5,2,4,3,4,4,1,2,2,0,1,0,0,1,-1,1,1,0,0,1,1,-1,2,-2,-1,1,0,-2,2,1,4,5,3,3,3,4,4,3,0.33,0.17,1.5,0.75,3.5,2,58,4,68.271,1.25
300,2,1,0,0,6,3,0,2,4,6,0,5,5,3,4,2,-1,3,1,2,2,1,-2,2,2,1,-2,2,-1,-3,3,0,0,-1,1,1,-2,2,-1,3,4,1,5,2,3,4,4,1.67,0.5,0.5,2,3.25,1,33,5,134.333,1.5
301,1,1,1,1,2,4,1,4,5,4,3,6,6,4,5,0,0,3,3,3,3,2,-3,3,3,3,-3,3,1,0,0,-2,2,-2,2,3,-3,3,1,4,6,1,5,2,2,4,6,2.83,1.5,0,3,3.5,1,47,5,142.626,1.5
302,4,1,0,2,4,3,0,0,1,6,0,6,6,4,6,0,0,1,1,1,1,1,-1,1,3,3,-3,3,1,-3,3,-3,3,-3,3,3,-3,3,1,3,6,0,6,1,5,5,6,2.33,2.33,0,1,4.25,1,22,6,71.015,1.5
303,3,2,0,2,5,3,0,1,2,6,0,2,2,5,2,0,0,-1,0,0,0,-2,1,-1,-1,1,1,-1,-1,0,0,-2,2,0,0,1,-3,3,-1,1,2,5,1,0,2,2,1,-0.17,0.17,0,-0.25,1.25,1,67,5,26.643,1.75
304,1,1,1,3,3,6,0,5,3,1,2,4,5,4,4,1,1,2,1,1,1,1,-1,1,1,1,-1,1,1,-1,1,-3,3,-2,2,3,-3,3,3,3,4,1,5,3,4,4,4,1.67,1.83,1,1.25,3.75,1,25,5,154.883,1
305,4,1,0,6,6,2,6,0,0,0,0,1,2,5,1,0,0,0,0,0,0,0,0,0,-2,0,0,0,0,0,0,0,0,0,0,0,0,0,0,0,0,6,0,0,0,5,3,-0.33,0,0,0,2,1,38,6,81.919,1.5
306,3,1,0,5,5,2,5,1,0,4,3,4,4,5,4,0,0,-1,1,1,1,-1,-1,1,0,0,-1,1,0,1,-1,0,0,1,-1,0,1,-1,0,2,2,3,3,4,4,5,4,0,-0.33,0,0.5,4.25,2,35,4,57.052,1.5
307,2,1,0,2,4,3,0,2,5,6,1,5,6,3,5,0,0,1,1,1,1,2,-3,3,2,1,-3,3,1,-2,2,-3,3,-3,3,2,-3,3,1,4,5,0,6,0,4,4,5,2.5,1.83,0,1,3.25,2,31,6,91.331,1.5
308,1,1,0,4,5,3,1,2,0,2,1,3,2,0,3,0,0,1,0,1,0,0,-3,3,1,0,0,0,-1,-1,1,-1,1,-2,2,1,-3,3,0,2,3,2,4,0,0,2,3,1.33,0.5,0,0.5,1.25,1,38,5,142.499,1.5
309,1,3,1,2,2,3,0,4,5,6,0,5,4,4,5,0,0,0,-1,0,0,1,-1,1,0,0,0,0,-1,0,0,1,-1,1,-1,0,0,0,-1,2,3,3,3,2,2,3,3,0.33,-0.67,0,-0.25,2.5,2,32,5,195.467,0.5
310,1,1,0,4,4,3,1,1,1,5,1,3,3,4,2,0,0,0,0,0,0,0,0,0,1,1,0,0,0,0,0,0,0,0,0,1,0,0,-1,1,4,2,4,0,3,3,4,0.33,0,0,0,2.5,1,34,5,117.05,1.5
311,3,4,1,2,5,4,0,0,5,1,0,3,3,6,3,0,0,-1,0,0,0,-1,0,0,0,-1,1,-1,2,0,0,0,0,0,0,0,0,0,1,2,4,2,4,0,2,4,3,-0.33,0.33,0,-0.25,2.25,1,52,4,53.011,2
312,1,4,1,5,5,2,5,2,4,4,2,0,4,4,0,2,0,-3,-3,-3,-2,-3,-1,1,-2,-3,-3,3,3,0,0,-3,3,0,0,1,3,-3,3,0,0,4,2,0,0,2,1,-0.5,1,1,-2.75,0.75,1,29,4,96.491,1.75
313,4,4,1,3,3,4,0,1,5,4,2,5,5,4,5,0,0,0,0,0,0,1,-2,2,1,1,-1,1,0,-1,1,-1,1,-1,1,1,-2,2,0,4,4,4,2,1,2,4,5,1.33,0.67,0,0,3,1,39,6,25.069,1.5
314,2,1,0,1,1,4,0,2,5,5,2,6,6,1,5,0,0,1,2,2,1,0,-2,2,3,1,-1,1,-1,-2,2,0,0,-2,2,3,-3,3,0,2,5,0,6,2,4,6,6,2,0.67,0,1.5,4.5,2,29,5,116.847,2
315,3,1,0,1,1,3,0,3,0,6,1,4,3,4,2,2,2,1,2,3,2,-1,1,-1,0,1,1,-1,0,2,-2,-2,2,0,0,2,0,0,0,2,4,3,3,4,4,6,4,-0.17,0.17,2,2,4.5,1,28,2,145.043,1.25
316,4,2,0,1,5,3,0,0,3,6,0,1,1,3,1,0,0,-2,-2,-2,-2,-2,1,-1,-2,-3,2,-2,0,0,0,-1,1,1,-1,-1,0,0,-1,1,1,4,2,0,0,2,1,-1.33,-0.67,0,-2,0.75,2,27,2,9.04,0.25
317,1,3,1,0,5,3,0,0,4,6,0,4,3,4,4,0,0,0,0,0,0,-1,-1,1,1,0,0,0,-1,-1,1,-1,1,1,-1,1,-2,2,0,4,4,1,5,2,2,4,5,0.67,0,0,0,3.25,2,26,5,102.99,1.5
318,4,1,0,4,4,5,3,2,0,1,4,2,3,3,4,0,0,0,0,0,0,0,-1,1,1,0,0,0,0,0,0,0,0,-1,1,0,0,0,0,4,3,3,3,0,2,3,5,0.33,0.17,0,0,2.5,2,50,5,39.803,1.5
319,3,3,0,3,4,3,0,0,1,2,0,4,3,5,4,1,1,-1,-1,-1,-2,-1,0,0,-1,-1,1,-1,1,0,0,-2,2,0,0,-1,0,0,1,4,4,2,4,0,0,2,3,-0.67,0.5,1,-1.25,1.25,2,44,4,70.478,2
320,2,4,1,2,2,3,0,1,4,6,1,2,2,5,4,2,2,-1,-2,-2,-2,-2,-3,3,-2,-1,2,-2,3,1,-1,-3,3,-3,3,3,-3,3,3,3,4,2,4,0,0,0,1,0.5,1.67,2,-1.75,0.25,2,25,6,96.436,1.75
321,2,3,1,2,2,3,0,3,0,5,2,3,4,4,4,1,2,-1,1,-1,-1,-1,0,0,-1,0,1,-1,1,-1,1,-3,3,-2,2,2,-2,2,1,1,4,2,4,0,1,4,3,0.17,1.33,1.5,-0.5,2,1,24,5,101.312,1.5
322,4,3,1,1,4,6,1,1,4,4,0,6,6,3,3,0,0,0,0,0,0,0,0,0,2,0,-1,1,0,0,0,0,0,-2,2,2,-3,3,0,3,3,3,3,0,1,3,5,1.33,0.33,0,0,2.25,1,34,6,56.217,2
323,2,2,0,1,2,3,0,1,0,5,0,3,3,3,3,0,0,0,0,0,0,0,0,0,0,0,0,0,0,0,0,1,-1,1,-1,0,-3,3,0,2,2,2,4,0,0,1,4,0.5,-0.33,0,0,1.25,2,25,4,52.808,1.5
324,3,2,0,0,5,6,0,3,5,5,0,4,3,1,0,3,-1,-1,-2,-3,-3,-3,3,-3,-1,-3,2,-2,-3,-1,1,-2,2,-2,2,-2,-3,3,-3,0,1,1,5,0,0,2,1,-1.33,-0.67,1,-2.25,0.75,2,20,4,27.018,2
325,1,3,1,0,6,4,1,2,5,5,0,4,4,4,4,0,0,0,0,0,0,1,-1,1,1,1,-1,1,0,-1,1,-1,1,-1,1,0,-2,2,0,4,4,1,5,0,3,4,4,1,0.67,0,0,2.75,2,23,5,186.133,1.25
326,4,1,0,3,5,3,0,1,1,6,0,4,4,3,3,0,0,0,0,1,1,-1,0,0,0,-1,1,-1,0,0,0,1,-1,0,0,0,0,0,0,1,3,3,3,0,0,4,3,-0.33,-0.33,0,0.5,1.75,1,37,5,72.538,1.5
327,2,3,0,2,4,6,0,2,5,1,3,6,6,5,5,0,0,0,2,0,1,1,0,0,1,2,0,0,1,0,0,0,0,0,0,0,0,0,1,4,6,2,4,1,4,6,6,0.33,0.67,0,0.75,4.25,2,29,6,175.537,1.75
328,4,1,0,3,3,3,0,3,1,3,0,5,5,0,5,0,0,0,0,0,0,0,0,0,0,0,0,0,0,0,0,0,0,0,0,0,0,0,0,2,5,0,6,0,1,4,3,0,0,0,0,2,1,26,4,14.361,2
329,1,3,1,4,2,6,5,2,0,5,4,5,5,4,5,0,0,1,0,2,2,1,-1,1,2,2,-1,1,0,-1,1,0,0,-1,1,1,-2,2,0,4,4,0,6,1,3,5,5,1.33,0.67,0,1.25,3.5,1,35,6,173.654,1.75
330,3,2,0,3,5,3,0,4,0,6,2,0,0,5,1,0,0,-1,0,0,-2,-3,3,-3,-3,-2,2,-2,0,2,-2,0,0,2,-2,-3,0,0,0,0,0,6,0,0,0,2,0,-2.33,-1,0,-0.75,0.5,1,42,6,40.868,1.5
331,4,1,1,6,6,2,6,4,0,0,4,4,4,5,3,2,2,2,2,2,2,1,0,0,1,2,-1,1,0,0,0,-2,2,-2,2,2,-2,2,0,3,3,3,3,0,3,5,5,1.17,1,2,2,3.25,1,49,6,130.13,1.25
332,2,4,1,2,4,4,0,2,4,4,0,3,3,3,4,0,0,0,0,0,0,-1,-2,2,1,1,1,-1,0,-1,1,-1,1,-1,1,0,-2,2,1,2,3,3,3,0,3,4,3,0.5,0.83,0,0,2.5,1,38,5,91.803,1.5
333,4,3,1,3,5,3,0,2,4,5,0,6,6,4,6,0,0,1,0,1,1,1,-3,3,3,2,-3,3,1,-3,3,-3,3,-3,3,3,-3,3,1,5,6,0,6,0,1,5,1,2.67,2.17,0,0.75,1.75,1,59,6,98.543,1.5
334,2,2,0,2,3,3,1,3,3,5,3,3,4,2,2,1,1,0,0,0,0,0,1,-1,0,1,0,0,0,0,0,0,0,0,0,0,0,0,0,2,3,2,4,2,3,3,3,-0.17,0.17,1,0,2.75,1,23,4,0,1.75
335,3,1,0,3,6,3,0,3,0,6,2,4,4,3,3,0,0,0,0,0,0,1,-2,2,2,1,-2,2,0,-2,2,-1,1,-3,3,0,0,0,0,3,4,2,4,3,3,5,4,1.17,1.17,0,0,3.75,1,30,5,24.888,1.5
336,4,2,1,2,5,4,4,1,5,4,1,5,5,6,4,2,1,2,2,2,2,1,2,-2,1,2,-2,2,1,-2,2,-2,2,-2,2,1,-2,2,2,4,4,1,5,3,4,4,4,0.83,1.83,1.5,2,3.75,2,36,5,6.267,1.75
337,1,1,1,4,4,1,2,5,1,1,4,4,5,4,5,2,-2,0,1,2,1,1,-3,3,2,2,0,0,1,-2,2,-2,2,-2,2,2,-3,3,2,5,6,0,6,1,4,4,5,1.83,1.83,0,1,3.5,1,26,5,71.96,2
338,3,1,0,0,6,3,0,0,3,6,0,0,0,1,2,-2,0,-1,-2,-2,-3,-3,1,-1,-2,-3,3,-3,0,2,-2,-1,1,1,-1,-2,1,-1,-1,0,0,6,0,0,2,3,4,-2,-1,-1,-2,2.25,2,34,6,27.943,1.25
339,2,1,0,4,4,2,5,0,0,2,0,4,5,3,4,0,0,1,1,1,1,0,-1,1,1,1,0,0,1,-1,1,-1,1,-1,1,1,-1,1,1,2,4,0,6,2,3,4,4,0.67,1,0,1,3.25,1,29,5,214.017,1
340,3,3,0,3,4,2,3,2,0,2,0,5,5,4,4,0,0,1,0,1,1,0,-2,2,2,0,0,0,1,-1,1,-1,1,-1,1,0,-3,3,1,3,4,2,4,0,3,4,4,1.17,0.83,0,0.75,2.75,2,57,5,87.063,2
341,1,3,1,2,4,3,0,0,5,6,0,5,5,4,5,2,2,1,1,1,1,1,-1,1,1,1,-1,1,1,-1,1,-1,1,-1,1,1,-1,1,1,5,5,1,5,1,4,5,5,1,1,2,1,3.75,1,43,5,215.26,1.75
342,3,4,1,0,5,4,0,0,6,5,0,3,3,5,3,0,0,-1,1,0,-1,0,-2,2,2,2,-2,2,1,-2,2,-3,3,-2,2,3,-3,3,1,4,5,1,5,0,2,4,3,2,1.83,0,-0.25,2.25,2,30,6,25.523,1.5
343,2,1,0,1,5,3,0,0,0,6,0,4,4,3,5,1,1,1,1,1,2,1,-2,2,1,2,-1,1,2,0,0,-1,1,-1,1,2,0,0,2,2,4,2,4,0,0,3,3,1.17,1.33,1,1.25,1.5,1,28,5,81.316,1.25
344,2,3,0,6,6,2,6,3,0,0,0,1,3,4,1,0,1,-1,0,-1,1,-1,-1,1,0,0,-1,1,1,2,-2,-2,2,0,0,1,-2,2,1,2,1,5,1,0,0,5,0,0.67,0.33,0.5,-0.25,1.25,1,46,4,198.147,1.75
345,3,3,1,1,5,3,0,4,5,6,0,5,4,3,5,0,0,0,0,0,0,0,-2,2,1,2,0,0,1,-1,1,-3,3,-3,3,2,-3,3,2,4,5,0,6,0,3,4,5,1.33,2,0,0,3,2,38,6,43.405,2
346,1,1,0,2,4,3,3,3,2,5,3,5,5,3,5,0,0,2,1,1,1,2,-2,2,3,1,-3,3,0,-2,2,-1,1,-1,1,3,-3,3,1,5,5,1,5,2,4,5,5,2.67,1,0,1.25,4,1,33,4,146.938,1.5
347,2,1,0,3,2,3,0,3,1,3,2,5,4,3,5,0,0,2,2,1,2,1,-2,2,1,2,-1,1,0,-1,1,-2,2,-1,1,1,-3,3,0,4,5,0,6,4,6,5,4,1.5,1,0,1.75,4.75,2,23,5,143.866,1.5
348,1,2,0,4,1,6,2,4,3,2,3,4,5,2,5,0,0,0,0,0,0,-1,-3,3,-1,0,-1,1,0,-2,2,-2,2,-3,3,2,-3,3,1,1,5,1,5,0,0,3,1,1.17,1.33,0,0,1,1,40,5,45.367,1.75
349,3,3,1,2,3,6,2,3,4,4,3,4,5,3,5,0,-1,1,0,1,1,0,-3,3,1,1,-2,2,1,-3,3,-3,3,-3,3,1,-2,2,1,3,4,2,4,0,2,4,4,1.5,2,-0.5,0.75,2.5,2,22,6,75.14,1.5
350,2,3,0,6,6,2,5,5,1,2,4,3,4,2,4,0,0,0,0,0,0,0,0,0,1,0,0,0,1,0,0,0,0,0,0,1,0,0,1,2,3,4,2,0,3,5,3,0.33,0.33,0,0,2.75,2,38,6,105.232,1.5
351,2,3,1,3,4,2,5,1,0,4,0,6,6,3,6,0,0,0,0,0,0,0,-3,3,3,1,-3,3,0,-3,3,-3,3,-3,3,2,-3,3,1,4,6,0,6,0,4,6,6,2.33,1.83,0,0,4,1,25,6,202.264,1.5
352,1,3,1,1,6,3,0,1,0,6,0,6,6,5,6,1,1,1,1,1,1,1,-3,3,1,1,-3,3,1,-3,3,-3,3,-3,3,2,-3,3,2,6,6,0,6,1,6,6,6,2.17,2.17,1,1,4.75,2,23,6,116.245,1.5
353,2,3,1,3,5,1,1,5,0,4,3,4,5,4,4,0,1,1,2,1,0,1,-1,1,1,2,-1,1,0,-1,1,-2,2,-2,2,0,-3,3,0,4,3,1,5,0,3,4,3,1.17,1.17,0.5,1,2.5,2,58,6,194.994,1
354,4,3,0,4,4,2,4,2,2,3,1,5,5,4,4,0,1,0,1,-1,0,0,-1,1,1,0,-2,2,0,0,0,-2,2,-3,3,2,-3,3,1,4,4,2,4,1,2,1,5,1.5,1,0.5,0,2.25,1,40,5,76.672,1.5
355,4,3,1,1,5,3,0,3,3,5,3,3,5,5,4,0,0,0,0,0,0,0,-1,1,1,1,0,0,0,0,0,0,0,0,0,0,0,0,0,4,5,0,6,0,3,5,5,0.33,0.17,0,0,3.25,2,25,5,91.976,1.75
356,4,3,0,3,1,6,1,0,0,2,0,5,5,1,4,0,0,0,0,0,0,0,0,0,0,0,0,0,0,0,0,0,0,0,0,0,0,0,0,2,4,0,6,0,2,5,5,0,0,0,0,3,1,27,6,33.285,1.5
357,4,3,0,3,2,2,2,0,0,2,0,3,3,4,3,0,0,0,0,0,0,0,0,0,0,-1,0,0,0,0,0,0,0,0,0,0,0,0,0,0,0,0,6,0,0,3,6,0,-0.17,0,0,2.25,1,32,3,57.172,1.5
358,4,2,0,5,5,1,1,4,1,0,3,1,1,5,2,1,1,-1,-1,-1,-2,-1,1,-1,-1,-2,2,-2,-2,2,-2,0,0,0,0,-1,0,0,-1,1,1,5,1,0,0,1,1,-1,-1.17,1,-1.25,0.5,1,52,6,8.061,2
359,1,4,1,3,0,2,6,0,4,5,3,5,4,4,4,-2,-2,1,1,1,1,1,-3,3,2,-1,1,-1,1,-2,2,2,-2,-2,2,-1,-2,2,2,0,4,1,5,1,1,1,4,1,0.67,-2,1,1.75,1,27,5,92.661,1.5
360,3,1,0,6,6,2,5,3,0,0,3,5,5,5,5,2,2,2,2,2,2,1,-2,2,2,2,-2,2,2,-2,2,-2,2,-2,2,2,-3,3,2,5,5,1,5,2,1,5,5,2,2,2,2,3.25,1,66,6,23.636,1.5
361,3,3,1,3,4,3,1,2,0,6,1,3,4,4,4,2,-1,1,1,1,2,-1,1,-1,-1,-1,1,-1,2,1,-1,-1,1,-1,1,-1,0,0,1,4,4,1,5,2,3,4,4,-0.83,0.5,0.5,1.25,3.25,1,26,5,60.159,1.25
362,3,3,0,3,4,3,0,1,2,3,2,5,6,3,3,1,0,1,0,0,1,-1,-1,1,1,0,1,-1,2,0,0,-2,2,-2,2,2,-3,3,0,2,3,2,4,1,3,5,2,0.83,1,0.5,0.5,2.75,1,27,6,123.307,1.25
363,3,3,1,3,3,3,0,0,0,6,0,6,6,0,6,1,0,2,2,2,2,2,-3,3,2,3,-3,3,1,-3,3,-3,3,-3,3,3,-3,3,2,5,6,0,6,0,6,4,6,2.67,2.5,0.5,2,4,2,44,6,16.607,1.5
364,4,4,1,0,6,3,0,1,5,6,0,1,1,3,5,0,0,0,-1,-1,-2,-2,0,0,-1,-1,2,-2,1,2,-2,-2,2,1,-1,-2,0,0,2,1,2,4,2,0,0,0,1,-1.17,0.17,0,-1,0.25,1,35,6,23.584,1.5
365,2,3,1,3,3,4,3,1,5,4,0,6,6,4,5,0,0,0,0,1,0,0,0,0,2,0,-2,2,0,-2,2,-2,2,-3,3,1,-3,3,0,3,6,0,6,0,4,6,6,1.33,1.17,0,0.25,4,1,26,6,228.255,1.5
366,1,1,0,5,4,2,6,1,1,1,0,4,4,3,3,1,1,1,0,1,0,-2,-1,1,1,1,0,0,0,-1,1,-2,2,-2,2,1,-3,3,1,2,3,3,3,0,0,3,2,0.67,1.17,1,0.5,1.25,2,43,4,186.404,1
367,1,2,0,4,3,3,2,1,2,5,1,3,3,2,3,0,0,0,0,0,0,-1,0,0,1,0,-1,1,1,-1,1,1,-1,0,0,2,-2,2,1,2,4,3,3,1,1,3,2,0.83,0.33,0,0,1.75,1,33,5,55.374,1.25
368,4,4,0,5,5,2,6,6,0,1,2,1,2,6,2,0,0,0,0,0,0,0,0,0,-1,1,0,0,1,0,0,0,0,-3,3,0,-3,3,1,1,4,2,4,0,1,4,3,0.33,1,0,0,2,2,46,6,14.904,1.5
369,1,1,0,2,3,6,1,3,3,3,1,3,4,1,2,0,0,0,0,0,0,-1,-3,3,1,1,1,-1,-1,-1,1,0,0,-1,1,2,-3,3,-1,2,3,2,4,0,4,4,4,1.17,0.17,0,0,3,2,36,5,135.875,1.5
370,4,3,1,2,5,3,3,3,0,6,0,5,5,4,5,2,-2,0,2,0,2,2,-2,2,2,3,-1,1,2,-1,1,-2,2,-2,2,2,-1,1,2,5,6,6,0,1,4,5,5,1.67,2,0,1,3.75,1,28,6,38.941,1.5
371,2,1,0,3,2,6,2,0,1,4,0,4,5,2,3,0,-1,1,2,2,1,1,-2,2,2,1,-1,1,0,-2,2,-1,1,-1,1,2,-3,3,0,2,3,1,5,0,1,3,3,1.83,0.83,-0.5,1.5,1.75,1,26,3,70.034,1.25
372,1,3,1,2,4,3,0,3,4,5,1,5,6,3,4,0,0,1,0,0,0,0,-1,1,1,1,-1,1,0,-1,1,-1,1,-1,1,1,-1,1,1,4,5,1,5,1,4,5,5,0.83,0.83,0,0.25,3.75,2,28,6,199.341,1.75
373,2,4,0,4,4,6,3,2,0,0,4,3,3,3,3,0,0,0,0,0,0,-1,0,0,0,0,1,-1,0,0,0,0,0,0,0,0,-1,1,0,0,3,3,3,0,0,3,3,-0.17,0,0,0,1.5,2,42,5,95.405,1.5
374,2,3,0,5,5,5,1,2,0,3,6,6,6,4,6,0,0,0,0,0,0,1,-3,3,3,3,-3,3,3,-3,3,-3,3,-3,3,3,-3,3,0,4,6,0,6,4,4,6,5,2.67,2.5,0,0,4.75,2,34,6,191.199,1.5
375,3,4,1,4,3,2,6,4,4,3,2,5,4,2,3,2,-1,-2,0,1,1,-1,1,-1,1,0,-2,2,1,1,-1,-1,1,1,-1,1,-2,2,2,4,4,2,4,4,2,2,3,0.67,0.33,0.5,0,2.75,1,22,4,4.598,1
376,2,3,1,1,2,3,0,0,0,6,0,4,5,4,4,0,0,0,0,0,0,0,-2,2,1,1,0,0,0,-1,1,-2,2,-1,1,0,-2,2,0,4,5,1,5,0,4,4,6,0.83,0.83,0,0,3.5,2,36,6,104.263,0
377,4,1,0,3,6,3,2,3,2,5,2,4,4,4,4,2,1,2,1,1,2,1,0,0,2,2,-1,1,1,-1,1,-1,1,-1,1,2,-1,1,1,3,4,2,4,3,4,3,4,1.17,1.17,1.5,1.5,3.5,1,22,4,33.038,1.25
378,3,1,1,2,4,3,2,4,1,6,0,5,6,3,5,0,0,0,0,0,0,0,-2,2,1,1,0,0,0,0,0,0,0,0,0,2,0,0,0,4,5,1,5,1,4,6,6,0.83,0.17,0,0,4.25,1,42,5,27.194,1.5
379,2,2,0,3,1,3,1,1,1,6,1,3,3,2,2,0,-1,0,-1,-1,1,-1,-1,1,1,1,1,-1,0,-1,1,-1,1,-1,1,0,0,0,1,4,4,1,5,2,2,3,4,0,0.83,-0.5,-0.25,2.75,2,27,4,67.889,2
380,2,1,0,5,5,5,2,2,0,3,5,4,5,4,4,0,0,0,0,0,0,1,-1,1,2,2,-2,2,1,-2,2,-2,2,-2,2,2,-2,2,1,4,4,1,5,3,4,5,5,1.67,1.67,0,0,4.25,1,36,5,115.617,1.5
381,4,3,0,4,4,6,4,2,0,0,0,1,1,6,4,2,-2,-3,-1,-3,-2,-3,2,-2,-1,-2,2,-2,1,2,-2,-2,2,1,-1,-3,0,0,0,1,1,4,2,0,0,1,1,-1.83,-0.33,0,-2.25,0.5,1,37,6,11.865,1.5
382,1,4,0,3,6,3,0,3,0,5,1,6,6,1,6,0,0,1,1,3,3,0,-3,3,2,2,0,0,3,-3,3,-3,3,-3,3,3,-3,3,3,0,6,0,6,0,4,6,5,1.83,2.83,0,2,3.75,2,40,6,116.39,2
383,3,3,1,0,6,4,0,2,5,5,0,5,5,4,5,1,1,1,2,2,2,1,-3,3,2,2,-3,3,2,-3,3,-3,3,-3,3,2,-3,3,2,5,5,0,6,0,4,4,5,2.33,2.5,1,1.75,3.25,2,46,5,88.8,1.5
384,4,1,1,5,4,1,5,6,0,2,4,6,6,4,6,0,1,1,0,0,2,-1,-2,2,1,0,-1,1,1,-1,1,-2,2,-2,2,1,-2,2,2,5,6,0,6,0,5,5,6,1,1.33,0.5,0.75,4,2,53,6,35.338,1.5
385,2,1,0,0,6,3,0,0,3,5,0,1,1,1,0,0,0,0,-1,-1,0,-1,0,0,-1,-1,1,-1,0,0,0,0,0,0,0,0,0,0,0,3,1,5,1,0,0,3,1,-0.5,-0.17,0,-0.5,1,2,26,3,148.432,1.5
386,2,1,0,3,4,6,0,0,0,1,0,6,6,0,3,0,0,0,0,0,0,0,0,0,0,0,0,0,0,0,0,0,0,0,0,1,0,0,0,0,3,0,6,0,0,0,6,0.17,0,0,0,1.5,2,41,6,147.88,1
387,2,2,0,0,4,4,0,1,6,4,1,0,0,5,0,0,0,-3,-2,-2,-3,-2,-1,1,-2,-3,2,-2,-2,3,-3,2,-2,2,-2,-2,-1,1,-2,0,0,6,0,0,0,1,1,-1,-2.33,0,-2.5,0.5,2,40,5,48.004,1.75
388,4,3,1,2,5,3,3,2,0,5,2,2,4,3,3,2,2,1,1,1,1,-1,-2,2,1,0,2,-2,2,-1,1,-3,3,-1,1,-1,-3,3,0,3,2,4,2,0,4,3,3,0.33,1.17,2,1,2.5,2,28,2,64.404,1.5
389,2,4,0,3,3,3,0,0,3,6,0,5,1,5,5,0,0,0,0,0,-1,0,0,0,1,1,0,0,1,0,0,0,0,0,0,3,0,0,3,3,6,1,5,0,0,2,2,0.67,0.83,0,-0.25,1,2,58,6,107.575,1
390,4,3,1,3,5,2,5,1,1,4,2,6,6,4,5,0,0,1,0,2,2,1,-3,3,1,0,-1,1,0,-3,3,-3,3,-3,3,1,-3,3,1,5,6,0,6,1,4,5,5,1.67,1.67,0,1.25,3.75,2,43,6,137.292,1.75
391,1,4,0,0,5,3,1,3,2,6,0,3,4,4,4,0,0,0,0,0,0,-1,1,-1,1,2,0,0,1,-1,1,-2,2,-2,2,2,-2,2,1,4,4,1,5,2,3,4,5,0.5,1.5,0,0,3.5,2,24,6,238.875,1.5
392,4,1,0,1,5,3,0,0,0,6,0,4,4,3,3,0,0,0,0,0,0,0,-1,1,0,-1,0,0,0,0,0,0,0,0,0,0,-1,1,0,2,3,3,3,0,0,4,5,0.33,-0.17,0,0,2.25,2,36,6,16.082,1.5
393,1,2,0,1,4,3,1,4,5,6,5,3,3,2,3,1,1,1,2,-1,1,-1,1,-1,-1,-1,1,-1,1,2,-2,1,-1,2,-2,2,2,-2,1,2,2,3,3,4,2,3,4,-0.67,-0.67,1,0.75,3.25,2,30,3,62.403,1.5
394,4,2,0,3,6,3,0,2,3,6,1,0,0,6,2,0,0,-3,0,0,0,-3,1,-1,-3,-3,3,-3,0,2,-2,0,0,3,-3,-3,2,-2,0,0,0,6,0,0,0,0,0,-2.5,-1.33,0,-0.75,0,2,29,5,13.782,2
395,3,1,1,0,6,4,0,4,6,6,0,2,3,4,3,1,1,1,1,0,0,-1,0,0,-1,-1,1,-1,0,1,-1,-2,2,0,0,0,-2,2,1,1,3,2,4,0,0,1,1,-0.17,0.17,1,0.5,0.5,2,48,3,20,1.5
396,3,3,1,4,5,2,5,5,3,5,5,6,5,3,4,2,2,1,2,2,2,2,2,-2,2,2,2,-2,2,2,-2,2,-2,3,-3,2,3,-3,2,3,4,5,1,4,5,5,5,-0.17,-0.17,2,1.75,4.75,2,26,6,51.09,0
397,2,3,1,0,6,3,0,1,5,6,0,6,6,4,5,0,0,2,3,1,3,0,-3,3,2,3,-2,2,1,-3,3,-3,3,-3,3,3,-3,3,1,5,6,0,6,0,6,6,6,2.17,2.33,0,2.25,4.5,2,48,6,173.364,2
398,1,1,0,3,3,6,1,3,1,3,3,5,4,1,3,0,0,1,0,0,0,0,-1,1,0,0,0,0,-1,0,0,0,0,-3,3,0,-3,3,-1,1,3,2,4,0,3,2,5,0.67,0.17,0,0.25,2.5,2,38,3,152.024,1.75
399,1,3,1,2,4,3,0,2,4,5,1,5,5,5,5,0,0,1,0,1,1,0,-1,1,1,2,-1,1,1,-1,1,-2,2,-2,2,1,-3,3,1,4,5,1,5,2,4,5,5,1.17,1.5,0,0.75,4,1,27,5,101.564,1.5
400,3,1,1,3,4,1,1,4,1,1,0,2,3,4,3,1,1,0,-1,-1,0,-2,0,0,-1,-1,-1,1,0,1,-1,-1,1,0,0,0,0,0,1,2,3,3,3,0,1,2,3,-0.33,0,1,-0.5,1.5,1,18,4,49.113,1.5
401,1,1,0,2,6,3,2,0,0,6,0,1,1,2,1,0,1,-1,-3,-2,-2,-1,0,0,-2,-2,2,-2,-1,1,-1,1,-1,2,-2,-1,0,0,-2,0,0,6,0,0,0,1,1,-1,-1.5,0.5,-2,0.5,1,58,2,142.104,0.25
402,4,1,0,2,5,3,0,1,0,6,0,3,4,2,4,0,0,0,0,0,0,-1,-2,2,2,2,0,0,0,-2,2,-2,2,-2,2,2,-2,2,1,4,4,2,4,0,4,4,6,1.17,1.5,0,0,3.5,2,42,5,94.26,1.5
403,2,3,0,6,6,5,2,3,0,0,6,0,0,6,0,0,0,-2,0,0,-2,-2,2,-2,-3,-1,1,-1,1,3,-3,0,0,2,-2,-3,2,-2,0,0,0,6,0,0,0,2,0,-2.17,-0.83,0,-1,0.5,2,30,0,102.481,1.5
404,3,4,0,4,4,5,0,3,1,3,4,1,2,4,1,0,0,-2,0,-1,-1,-2,-1,1,-1,-1,2,-2,0,1,-1,0,0,0,0,0,-1,1,-1,1,2,4,2,0,0,2,2,-0.5,-0.5,0,-1,1,1,26,3,27.968,1.5
405,3,3,0,6,6,2,5,1,0,0,4,1,4,5,2,0,0,-1,-1,-1,-2,-2,0,0,-3,-2,2,-2,1,0,0,0,0,0,0,-2,0,0,1,0,1,4,2,0,0,4,2,-1.5,0,0,-1.25,1.5,2,36,4,55.083,1.75
406,1,1,0,3,6,6,5,3,0,6,0,6,6,3,5,0,0,0,1,2,2,2,-3,3,3,3,2,-2,3,0,0,-1,1,2,-2,3,-3,3,3,4,5,0,6,4,4,6,6,2,1.33,0,1.25,5,1,23,6,112.321,1.75
407,1,3,1,1,4,3,0,1,4,6,1,5,5,4,5,0,0,0,0,0,0,1,-3,3,1,2,-3,3,1,-3,3,-3,3,-3,3,2,-3,3,1,3,5,0,6,2,5,1,5,2.17,2.17,0,0,3.25,2,29,6,186.745,1.5
408,1,1,0,1,3,4,1,2,6,5,0,3,4,4,1,0,0,-1,1,0,-1,-3,-1,1,1,1,-1,1,0,0,0,1,-1,0,0,-1,0,0,1,1,3,3,3,0,1,4,4,-0.17,0.17,0,-0.25,2.25,1,26,2,65.16,1.5
409,1,3,1,1,2,6,5,5,5,5,5,6,6,5,5,2,2,2,2,2,2,2,-3,3,2,2,-2,2,2,-3,3,-3,3,-3,3,2,-3,3,2,4,5,1,5,3,4,5,5,2.33,2.5,2,2,4.25,1,28,6,201.703,1.5
410,4,4,0,1,5,3,2,1,0,6,0,0,1,1,0,0,0,-1,-1,-1,0,0,0,0,-2,-3,0,0,0,3,-3,-2,2,0,0,0,-3,3,0,0,0,3,3,0,0,0,0,0.17,-0.67,0,-0.75,0,1,27,6,10.466,1.75
411,4,3,0,3,5,5,1,0,0,0,4,1,3,4,3,1,1,0,1,2,1,-2,-3,3,-1,-2,1,-1,1,0,0,-2,2,-3,3,1,-3,3,-1,0,3,4,2,0,0,4,2,0.5,0.5,1,1,1.5,1,55,4,60.153,1.75
412,3,1,0,1,5,3,0,0,4,5,0,2,3,3,3,0,0,0,0,0,0,-1,-1,1,0,0,1,-1,0,0,0,-2,2,-2,2,-1,-3,3,0,3,3,2,4,0,2,3,3,0.17,0.67,0,0,2,2,39,4,142.543,1
413,1,2,0,1,4,3,1,4,4,5,2,4,4,3,4,0,0,0,0,0,0,-1,1,-1,-1,0,0,0,1,0,0,-1,1,0,0,1,0,0,0,3,4,1,5,1,2,4,3,-0.33,0.33,0,0,2.5,1,29,4,44.857,2
414,3,3,0,2,4,6,0,4,3,2,0,3,6,4,5,2,1,-1,0,0,1,0,-1,1,1,3,-1,1,2,-2,2,-2,2,-2,2,1,-2,2,3,3,4,2,4,0,2,5,3,1,2.33,1.5,0,2.5,1,30,4,34.37,1.75
415,4,3,1,2,1,3,0,3,3,6,1,5,5,4,4,0,0,0,0,1,1,0,-2,2,2,2,-2,2,0,-2,2,-2,2,-2,2,2,-2,2,0,4,5,1,5,3,5,4,5,1.67,1.33,0,0.5,4.25,1,34,5,68.124,1.5
416,1,3,1,0,6,3,0,4,6,6,0,6,6,0,6,3,3,3,3,3,3,2,-3,3,3,3,-3,3,3,-3,3,-3,3,-3,3,3,-3,3,3,5,6,0,6,0,6,6,6,2.83,3,3,3,4.5,1,28,6,203.303,1.5
417,3,1,0,0,5,3,0,2,2,6,0,1,2,3,0,0,0,0,-1,-1,-1,-3,0,0,-2,-3,2,-2,-1,0,0,0,0,0,0,0,0,0,-1,0,1,4,2,0,0,1,0,-1.17,-0.83,0,-0.75,0.25,1,38,1,59.533,2
418,2,2,1,2,6,3,4,2,3,6,0,5,4,2,5,1,1,1,1,1,1,0,-2,2,0,2,-2,2,-1,-2,2,-2,2,-2,2,1,-3,3,0,4,4,0,6,0,4,0,4,1.33,1.17,1,1,2,1,29,4,53.3,2
419,2,3,0,0,6,4,0,2,6,3,1,4,5,2,4,0,1,2,1,1,2,1,-2,2,2,1,-2,2,1,-2,2,-1,1,-1,1,2,-3,3,1,4,4,1,5,2,4,5,5,2,1.17,0.5,1.5,4,1,32,6,212.573,1.5
420,2,4,0,6,6,5,2,3,0,0,6,0,0,6,0,0,0,-2,-1,-1,-1,-3,0,0,-2,-2,2,-2,1,2,-2,-2,2,1,-1,-2,-2,2,1,0,0,6,0,0,0,0,0,-1.17,-0.17,0,-1.25,0,2,30,6,95.632,1.5
421,1,1,1,4,4,1,0,4,1,1,1,4,4,3,3,1,1,1,1,0,0,-1,1,-1,0,0,2,-2,0,1,-1,-1,1,-1,1,0,-1,1,1,4,4,2,4,3,3,3,4,-0.5,0.33,1,0.5,3.25,1,67,5,65.431,1.25
422,4,2,0,2,5,1,0,5,2,4,2,1,1,2,2,0,0,0,0,0,-2,-2,0,0,-1,-2,-2,2,-1,1,-1,0,0,1,-1,-1,0,0,-2,0,1,5,1,0,0,0,1,-0.33,-1.17,0,-0.5,0.25,2,35,1,8.26,2
423,2,1,0,5,5,5,0,3,4,2,6,6,6,5,6,0,0,0,0,0,0,0,-2,2,0,0,-2,2,0,0,0,-2,2,0,0,0,-2,2,0,5,6,0,6,3,5,5,5,1,0.33,0,0,4.5,2,35,6,67.082,1.25
424,4,3,0,3,3,6,2,2,2,2,2,3,3,4,3,0,0,0,0,0,0,0,0,0,0,-1,0,0,-1,-1,1,0,0,-1,1,0,0,0,0,3,3,3,3,3,3,2,3,0,0,0,0,2.75,1,26,4,48.538,0.75
425,3,3,1,0,6,4,0,1,6,5,0,4,6,6,5,1,0,0,0,0,1,0,-2,2,2,3,-1,1,1,-2,2,-2,2,-2,2,3,-3,3,2,4,5,1,5,2,4,5,5,1.83,2,0.5,0.25,4,1,34,6,96.763,2
426,3,3,0,3,4,2,4,3,0,1,2,6,6,5,6,1,1,2,2,2,1,2,-3,3,3,1,-3,3,1,-2,2,-3,3,-3,3,3,-3,3,2,6,6,0,6,1,6,6,6,2.83,2,1,1.75,4.75,2,40,6,575.408,1.5
427,3,1,1,6,6,1,2,6,0,0,3,6,6,6,6,2,2,2,3,3,2,2,-3,3,2,2,-2,2,2,-2,2,-2,2,-3,3,2,-3,3,2,6,6,0,6,0,6,6,6,2.33,2.17,2,2.5,4.5,2,62,6,52.807,1.5
428,3,2,0,3,3,3,0,0,0,6,0,1,1,1,1,0,0,0,0,0,0,0,0,0,0,0,0,0,0,0,0,0,0,0,0,0,0,0,0,2,2,2,4,2,2,2,2,0,0,0,0,2,1,23,0,9.073,1.75
429,2,1,0,2,4,3,0,1,0,3,0,6,6,2,3,0,0,0,1,1,0,0,0,0,2,0,-3,3,0,0,0,1,-1,-1,1,3,-3,3,0,0,5,0,6,0,3,6,6,1.83,0,0,0.5,3.75,1,25,4,116.187,1.25
430,1,1,0,1,5,3,0,1,4,6,1,6,6,0,6,0,0,0,0,0,0,0,0,0,1,1,-1,1,0,-1,1,-1,1,-1,1,1,-1,1,1,4,6,0,6,0,5,6,6,0.67,0.83,0,0,4.25,2,39,6,145.213,1.5
431,4,1,0,4,4,3,0,3,0,6,3,6,6,5,6,0,0,0,0,0,0,0,-3,3,0,0,0,0,0,-3,3,-3,3,-3,3,0,-3,3,0,3,5,1,5,0,0,6,6,1,1.5,0,0,3,2,23,6,39.695,1.5
432,3,1,0,3,4,4,0,2,5,2,1,3,4,4,5,2,3,-2,-1,-2,-2,1,0,0,2,1,0,0,1,0,0,0,0,-2,2,1,-1,1,0,2,4,3,3,4,3,4,4,0.83,0.67,2.5,-1.75,3.75,1,27,4,12.926,1.25
433,3,4,1,4,4,3,3,4,5,6,4,4,4,3,4,-1,-1,1,2,2,1,1,0,0,2,2,0,0,1,1,-1,1,-1,1,-1,1,0,0,1,3,4,2,4,0,4,4,4,0.67,0.17,-1,1.5,3,1,46,4,19.333,1.25
434,1,1,0,4,4,6,0,2,1,2,1,6,5,2,5,0,0,0,0,0,0,0,-2,2,1,2,0,0,1,-2,2,-2,2,-2,2,2,-2,2,2,5,6,0,6,0,4,5,6,1.17,1.83,0,0,3.75,2,42,6,118.903,2
435,4,1,0,4,4,2,5,3,0,1,2,4,5,5,4,1,1,1,1,1,1,-1,-2,2,1,-1,-2,2,1,-2,2,-2,2,-1,1,2,-3,3,2,2,3,3,3,0,1,4,3,1.5,1.17,1,1,2,2,31,4,93.15,1.5
436,3,1,0,0,6,4,3,0,6,0,0,4,3,4,3,0,0,1,2,2,0,0,-1,1,1,2,-2,2,0,-1,1,-2,2,-3,3,3,-3,3,1,2,3,1,5,0,1,6,3,1.67,1.5,0,1.25,2.5,1,26,6,3.719,0
437,2,1,0,1,1,3,0,0,4,6,0,5,5,3,4,1,1,1,1,1,1,2,-2,2,2,1,-2,2,0,-1,1,0,0,-2,2,2,-3,3,0,3,3,3,3,3,3,4,4,2.17,0.67,1,1,3.5,2,29,6,147.68,2
438,4,4,1,0,6,4,0,0,6,5,0,5,4,2,4,1,-2,0,2,1,2,1,-2,2,2,2,-3,3,1,-1,1,-2,2,-2,2,2,-3,3,1,4,6,0,6,0,4,2,5,2.17,1.5,-0.5,1.25,2.75,1,22,6,12.921,1.75
439,1,1,0,5,6,6,3,3,0,2,1,6,6,5,5,0,0,0,0,0,0,0,0,0,1,1,0,0,0,0,0,0,0,0,0,3,-3,3,0,3,4,1,5,0,3,4,4,1.17,0.17,0,0,2.75,2,36,6,116.894,1.5
440,2,1,0,2,4,3,0,1,2,6,1,5,4,3,3,0,0,0,0,1,0,1,-1,1,1,0,-1,1,0,-1,1,0,0,-2,2,1,-2,2,0,2,2,4,2,0,1,3,3,1.17,0.5,0,0.25,1.75,1,31,4,142.207,1.5
441,4,3,1,2,5,3,0,1,1,5,0,5,5,4,4,0,0,0,1,1,1,1,-1,1,2,1,-1,1,0,-1,1,-1,1,-2,2,1,-2,2,0,4,5,2,4,0,4,3,3,1.33,0.83,0,0.75,2.5,1,33,5,75.225,1.5
442,3,3,1,1,4,3,0,3,4,6,0,6,6,6,6,1,0,0,0,0,1,3,-3,3,3,3,-3,3,3,-3,3,-3,3,-3,3,3,-3,3,3,6,6,0,6,0,3,3,6,3,3,0.5,0.25,3,2,22,6,30.37,1.75
443,2,3,1,2,4,3,0,4,6,6,2,4,6,3,5,1,1,1,2,2,2,1,-1,1,2,2,-1,1,2,-2,2,-2,2,-2,2,2,-3,3,3,5,5,1,5,0,3,5,5,1.67,2.17,1,1.75,3.25,2,38,6,100.918,1.75
444,1,3,1,3,4,3,0,3,2,5,3,5,4,4,4,0,0,0,0,0,0,0,-2,2,0,0,-3,3,0,-1,1,-1,1,-2,2,1,-2,2,0,0,3,0,6,0,2,4,4,1.33,0.67,0,0,2.5,1,26,6,192.296,1.75
445,3,3,1,0,4,3,0,3,1,6,0,4,5,4,5,0,0,0,0,0,0,0,-2,2,1,1,-1,1,0,-1,1,-1,1,-3,3,2,-3,3,1,4,4,1,5,0,4,5,5,1.5,1.17,0,0,3.5,2,45,6,68.489,1.5
446,1,4,0,5,4,5,5,4,3,3,6,3,3,4,4,2,2,1,1,0,0,0,0,0,0,-1,0,0,1,0,0,-2,2,0,0,0,-2,2,1,0,4,0,6,0,0,1,2,0.33,0.5,2,0.5,0.75,1,35,4,93.224,2
447,4,1,0,3,3,2,5,3,0,3,3,4,5,5,4,2,2,1,2,2,2,-2,0,0,1,1,2,-2,1,-2,2,-2,2,-2,2,2,-2,2,1,3,4,1,5,3,5,5,5,0.17,1.5,2,1.75,4.5,2,64,5,68.524,1.25
448,1,1,1,3,3,3,0,6,6,6,0,6,6,0,6,0,0,0,0,0,0,2,-3,3,3,1,-3,3,-3,-3,3,1,-1,-3,3,3,-3,3,0,6,6,6,0,6,6,6,6,2.83,0.5,0,0,6,2,45,6,81.195,1.5
449,4,3,0,2,0,6,0,0,0,1,0,4,4,4,4,0,0,0,0,0,0,0,0,0,0,0,0,0,0,0,0,-1,1,-1,1,0,-1,1,0,2,3,2,4,0,3,3,6,0.17,0.33,0,0,3,1,26,4,53.372,1.5
450,1,3,1,2,2,3,0,0,0,6,0,4,4,2,4,0,0,0,0,0,0,0,0,0,1,0,0,0,0,0,0,0,0,0,0,0,0,0,0,3,4,0,6,0,2,2,5,0.17,0,0,0,2.25,2,28,6,103.487,1.5
451,4,1,0,4,4,6,1,0,0,2,1,4,4,4,3,0,0,0,0,0,0,0,-2,2,1,1,-1,1,0,-2,2,-2,2,-2,2,1,-2,2,0,4,4,1,5,0,2,1,5,1.17,1.17,0,0,2,2,42,3,81.944,1.5
452,3,3,1,1,6,3,0,2,5,6,1,5,6,5,5,2,0,0,1,2,3,1,-2,2,2,3,-1,1,2,-2,2,-3,3,-3,3,2,-3,3,3,4,5,1,5,0,6,1,6,1.83,2.67,1,1.5,3.25,1,25,6,81.124,1.25
453,2,1,0,1,2,3,0,1,3,4,0,6,6,3,4,0,0,2,2,2,2,1,-2,2,3,1,-3,3,0,-1,1,0,0,-3,3,3,-3,3,0,1,4,1,5,0,4,6,6,2.5,0.83,0,2,4,2,26,6,114.239,1.25
454,2,2,1,3,5,2,6,0,0,3,0,2,2,1,2,0,0,0,0,0,0,-1,0,0,0,1,-1,1,0,-1,1,-1,1,-2,2,1,-3,3,0,2,2,2,4,0,1,1,3,0.67,0.83,0,0,1.25,1,28,4,45.727,1.5
455,2,4,0,2,4,4,6,3,1,1,6,1,1,5,6,0,0,0,0,0,-1,-1,0,0,-1,0,0,0,0,0,0,-2,2,-3,3,2,-1,1,0,1,5,3,3,0,0,2,1,0.17,0.83,0,-0.25,0.75,1,29,6,98.212,1.25
456,3,1,0,2,4,3,0,3,4,6,3,3,2,2,2,0,0,-1,0,0,-1,-1,0,0,0,-1,0,0,0,0,0,0,0,0,0,0,0,0,0,4,2,4,2,0,0,2,1,-0.17,-0.17,0,-0.5,0.75,1,25,3,56.316,1.5
457,4,1,0,2,3,6,0,0,0,3,0,5,5,3,3,0,0,0,0,0,0,0,-2,2,2,1,-2,2,-2,-1,1,-3,3,-3,3,2,-3,3,0,0,4,1,5,0,0,2,3,1.83,1,0,0,1.25,1,29,5,46.122,1.5
458,3,2,0,1,5,4,0,3,6,5,0,0,0,4,0,-1,0,0,-1,0,0,-2,2,-2,-3,-2,2,-2,0,-1,1,-1,1,0,0,2,-1,1,-1,0,2,5,1,2,2,1,2,-1,-0.17,-0.5,-0.25,1.75,1,26,4,5.718,1.75
459,1,1,0,3,4,2,4,0,2,1,0,1,1,1,1,0,0,0,0,0,0,0,0,0,0,0,0,0,0,0,0,0,0,0,0,0,0,0,0,0,2,3,3,0,0,0,1,0,0,0,0,0.25,1,21,2,78.195,1.5
460,4,3,0,5,6,2,6,4,0,3,0,4,5,3,4,2,2,1,0,1,2,1,-1,1,2,1,-2,2,0,-1,1,-2,2,-1,1,2,-2,2,0,3,4,4,2,2,4,5,4,1.67,0.83,2,1,3.75,1,34,6,36,1.75
461,1,2,0,0,6,3,0,2,3,6,0,2,1,5,3,0,0,0,0,-2,-1,-1,1,-1,-2,0,0,0,1,1,-1,-2,2,-1,1,1,-1,1,1,1,3,3,3,0,0,1,1,-0.33,0.67,0,-0.75,0.5,1,31,5,48.559,2
462,4,2,0,1,5,3,0,4,5,6,0,5,4,5,5,0,0,0,0,0,0,0,0,0,0,0,0,0,0,0,0,0,0,0,0,0,0,0,0,2,3,3,3,0,0,2,4,0,0,0,0,1.5,1,33,6,5.215,2
463,3,2,0,3,6,3,2,0,4,6,0,3,6,6,3,3,3,-3,0,-3,-3,-3,3,-3,0,-3,3,-3,0,3,-3,-3,3,-3,3,-3,3,-3,-3,0,0,6,0,0,0,3,3,-2.5,-0.5,3,-2.25,1.5,1,25,6,5.81,1.75
464,2,3,0,4,5,5,4,3,0,1,4,0,5,3,0,2,3,2,-1,-2,-1,-1,3,-3,-3,-2,3,-3,0,2,-2,-1,1,2,-2,-3,0,0,0,0,1,6,0,0,0,3,1,-2.17,-0.83,2.5,-0.5,1,1,22,6,149.589,1.5
465,4,2,0,1,2,4,0,3,4,3,3,1,1,3,3,0,0,0,0,0,0,-1,0,0,-2,0,2,-2,0,0,0,0,0,0,0,0,-2,2,0,2,2,4,2,3,1,3,1,-0.5,0,0,0,2,2,27,1,9.792,0.25
466,2,3,0,4,4,6,3,0,0,0,0,3,6,2,2,0,0,0,0,0,0,-2,-2,2,1,1,-1,1,-1,1,-1,2,-2,-1,1,1,-3,3,-1,1,2,3,3,0,0,4,5,1,-0.5,0,0,2.25,2,24,5,221.033,1.5
467,4,1,0,3,0,6,0,0,0,0,0,6,6,6,6,0,-3,0,0,0,0,0,0,0,0,0,0,0,0,0,0,0,0,0,0,0,0,0,0,0,3,0,6,0,0,6,6,0,0,-1.5,0,3,2,36,6,35.241,1.5
468,1,2,0,4,3,4,1,2,5,4,3,4,3,4,4,-1,0,-1,-1,1,1,-1,-1,1,0,0,1,-1,0,0,0,1,-1,-1,1,0,1,-1,0,3,4,2,4,4,3,3,5,-0.33,0,-0.5,0,3.75,2,22,3,101.485,0.5
469,2,2,0,2,5,3,0,0,0,6,0,0,0,4,0,0,0,-1,0,0,-1,-3,3,-3,-3,-3,3,-3,-3,3,-3,3,-3,3,-3,-3,0,0,-3,0,0,6,0,0,0,0,0,-2.5,-3,0,-0.5,0,2,32,1,54.98,2
470,2,4,0,6,6,5,4,0,0,0,6,0,1,6,0,0,0,-3,-3,-3,-3,-3,3,-3,-3,-3,3,-3,0,2,-2,0,0,3,-3,-2,0,0,0,1,0,5,1,0,0,2,0,-2.33,-1.33,0,-3,0.5,2,31,6,98.651,2
471,4,3,1,1,4,3,0,1,4,6,0,5,6,4,5,1,2,3,2,1,2,1,-2,2,2,2,-2,2,2,-2,2,-3,3,-2,2,2,-2,2,3,5,5,1,5,3,4,4,5,1.83,2.33,1.5,2,4,2,29,5,64.169,2
472,3,1,0,5,4,2,6,0,0,0,0,5,5,3,4,0,0,0,1,1,1,1,-1,1,1,1,-2,2,2,0,0,0,0,-1,1,1,-2,2,1,3,4,2,4,0,1,3,3,1.33,0.83,0,0.75,1.75,1,23,5,49.102,1.5
473,4,1,0,3,5,2,4,3,1,0,0,5,5,4,5,0,0,0,0,0,0,0,-2,2,0,0,-1,1,0,-1,1,-1,1,-2,2,0,-2,2,0,4,4,1,5,0,4,4,5,0.83,0.67,0,0,3.25,2,63,6,22.275,1.5
474,1,3,0,3,5,2,6,0,5,0,0,3,3,2,0,2,2,-1,2,2,2,-2,1,-1,-1,-3,0,0,-2,1,-1,1,-1,1,-1,1,1,-1,-2,0,1,5,1,0,0,6,2,-0.67,-1.67,2,1.25,2,2,31,6,176.746,1.5
475,2,1,0,1,5,3,1,2,4,5,1,4,5,5,4,-1,0,2,2,3,2,2,-1,1,3,2,1,-1,2,-2,2,-3,3,-2,2,2,-3,3,2,3,5,2,4,4,2,2,5,1.67,2.17,-0.5,2.25,3.25,1,24,5,113.552,0.75
476,2,1,0,0,3,4,0,0,6,5,0,3,3,0,3,0,0,0,0,0,0,0,0,0,0,0,0,0,0,0,0,0,0,0,0,0,0,0,0,0,3,0,6,0,0,3,3,0,0,0,0,1.5,1,25,3,126.358,1.5
477,4,3,1,1,5,3,0,4,3,6,0,4,5,5,6,0,0,0,0,0,0,1,-2,2,2,2,-3,3,3,-3,3,-2,2,-3,3,3,-3,3,3,4,5,0,6,3,5,5,6,2.33,2.67,0,0,4.75,2,26,5,52.145,1.5
478,3,1,0,4,5,5,2,3,5,4,6,6,6,3,6,1,0,0,0,0,0,0,-3,3,-3,1,-3,3,2,-3,3,2,-2,-3,3,2,-3,3,2,5,6,0,6,4,5,0,5,1.33,1.5,0.5,0,3.5,1,28,6,60.979,1.5
479,2,1,0,1,5,3,0,3,3,6,3,6,6,3,6,0,0,0,0,0,0,0,0,0,0,0,0,0,0,0,0,0,0,0,0,0,0,0,0,6,6,0,6,0,3,5,6,0,0,0,0,3.5,2,45,4,148.557,1.5
480,1,4,0,4,5,6,0,2,0,1,1,2,4,6,5,0,0,-1,0,1,1,-1,-3,3,-1,0,0,0,2,0,0,-3,3,-3,3,0,-3,3,1,1,4,2,4,0,0,4,1,0.67,1.5,0,0.25,1.25,2,46,5,93.361,1.5
481,1,3,0,0,4,4,0,3,6,3,3,6,6,4,5,1,2,2,3,3,2,3,-3,3,3,3,0,0,1,-3,3,-3,3,-3,3,3,-3,3,3,4,6,0,6,3,6,6,6,2.5,2.67,1.5,2.5,5.25,2,36,6,190.992,1.5
482,4,3,1,1,5,3,0,0,0,6,0,5,6,4,5,0,0,0,0,0,0,0,0,0,0,0,0,0,0,0,0,0,0,0,0,0,0,0,0,5,5,1,5,0,2,3,6,0,0,0,0,2.75,1,23,6,35.721,1.75
483,1,1,0,1,6,4,0,0,5,3,0,6,6,3,6,0,0,2,2,0,2,2,2,-2,2,2,0,0,1,2,-2,-2,2,2,-2,2,0,0,2,4,6,1,5,0,6,5,5,0.67,0.5,0,1.5,4,2,22,6,188.19,1.25
484,1,1,0,3,6,6,0,0,0,0,0,3,2,1,2,0,0,0,0,0,-1,-1,0,0,0,0,0,0,0,0,0,1,-1,0,0,0,0,0,0,0,2,4,2,0,0,2,3,-0.17,-0.17,0,-0.25,1.25,2,28,3,145.142,2
485,3,3,1,3,5,3,3,2,2,5,0,4,5,5,5,0,0,1,1,0,0,-1,-1,1,0,0,-1,1,1,-2,2,-2,2,-2,2,0,0,0,1,4,5,0,6,0,4,4,6,0.17,1.33,0,0.5,3.5,1,30,6,43.051,1.75
486,2,3,1,1,5,3,0,1,2,6,1,6,6,4,5,2,-2,1,3,2,3,2,-1,1,3,3,-2,2,1,-2,2,-3,3,-3,3,3,-3,3,2,6,6,0,6,0,5,6,6,2.33,2.33,0,2.25,4.25,2,24,6,212.341,1.5
487,4,3,1,3,5,6,0,2,4,5,2,6,6,5,5,3,3,3,3,3,3,3,-3,3,3,3,-3,3,3,-3,3,-3,3,-3,3,3,-3,3,2,5,6,0,6,1,6,6,6,3,2.83,3,3,4.75,1,23,6,46.454,1.5
488,2,1,0,3,3,3,4,3,0,6,3,5,6,5,5,0,0,0,0,0,0,0,0,0,3,2,-3,3,1,0,0,0,0,0,0,3,-3,3,3,4,5,0,6,3,4,4,5,2,1,0,0,4,2,39,5,141.83,0.75
489,3,2,0,2,6,3,0,2,0,6,1,1,1,5,0,0,0,0,-2,0,-2,-3,1,-1,-3,0,3,-3,-3,1,-1,-3,3,2,-2,-2,0,0,-1,0,0,6,0,0,0,2,0,-2,-0.67,0,-1,0.5,2,23,6,15.639,2
490,2,3,1,1,5,3,0,1,4,5,0,2,4,4,4,0,0,0,0,-1,0,-1,0,0,0,0,-2,2,1,-1,1,-1,1,0,0,0,0,0,1,2,3,2,4,3,3,4,4,0.17,0.67,0,-0.25,3.5,2,50,6,102.375,1.5
491,3,3,0,5,2,2,5,3,0,1,4,1,3,6,2,1,1,-2,-1,-2,-2,-1,1,-1,-2,-2,-1,1,0,0,0,-2,2,1,-1,0,1,-1,0,0,1,5,1,0,0,4,1,-0.67,-0.17,1,-1.75,1.25,1,46,1,135.744,1.5
492,3,2,0,0,6,3,0,0,1,6,0,0,0,4,3,1,1,-1,-3,-1,-1,-2,2,-2,-1,-1,2,-2,-1,-1,1,-1,1,2,-2,-1,0,0,1,1,1,5,1,0,0,2,0,-1.33,-0.17,1,-1.5,0.5,1,28,4,27.449,1.75
493,3,2,1,4,5,2,5,1,1,1,0,4,4,6,6,0,0,0,0,0,1,0,-1,1,1,0,0,0,1,0,0,-1,1,0,0,1,0,0,0,4,4,1,5,0,5,4,5,0.5,0.33,0,0.25,3.5,2,51,6,22.138,1.75
494,3,2,0,1,5,3,0,2,5,6,0,3,3,3,3,0,0,0,0,0,0,-1,0,0,-1,0,1,-1,-2,0,0,0,0,0,0,0,0,0,0,2,3,3,3,0,1,3,1,-0.5,-0.33,0,0,1.25,2,34,1,21.606,1.5
495,3,1,0,1,4,3,0,0,4,5,0,4,4,3,3,1,1,0,1,1,1,0,-1,1,0,0,1,-1,0,-1,1,0,0,-2,2,-1,-1,1,1,2,3,3,3,0,1,2,3,0,0.67,1,0.75,1.5,2,21,4,36.433,1.5
496,1,2,1,5,4,6,4,1,0,1,4,5,4,5,5,0,0,1,1,-1,0,0,-2,2,1,1,-1,1,1,-2,2,-3,3,-3,3,2,-3,3,1,2,4,2,4,0,2,3,4,1.5,1.83,0,0.25,2.25,1,26,5,45.585,2
497,2,3,0,3,0,4,4,2,6,2,2,4,6,5,6,2,0,-1,2,1,2,2,-3,3,3,2,-3,3,0,-3,3,-3,3,-3,3,3,-3,3,2,4,6,0,6,0,6,5,6,2.83,2.17,1,1,4.25,2,19,6,97.147,1.5
498,1,2,0,3,3,3,0,1,0,5,0,2,2,4,3,0,0,0,0,0,0,-1,0,0,-1,0,0,0,0,0,0,-1,1,0,0,0,0,0,0,1,3,3,3,0,0,2,0,-0.33,0.17,0,0,0.5,2,21,3,280.369,1.75
499,1,3,0,5,6,2,6,3,3,2,3,5,6,4,4,3,2,1,1,2,3,2,3,-3,0,2,2,-2,2,2,-2,2,-2,2,-2,2,1,-1,1,5,6,5,1,5,4,6,4,-0.33,-0.17,2.5,1.75,4.75,1,26,4,239.715,0
500,3,3,1,1,5,3,0,0,5,6,0,5,5,6,5,0,0,0,0,0,0,-1,-2,2,1,1,0,0,2,-2,2,-3,3,-3,3,2,-3,3,2,4,5,0,6,0,2,4,4,1.17,2.17,0,0,2.5,2,45,5,115.095,1.75
501,3,2,0,3,3,6,3,4,3,4,0,4,4,4,5,0,0,0,0,0,0,-1,-1,1,1,1,0,0,1,-2,2,-3,3,-3,3,2,-3,3,0,3,4,2,4,1,1,4,4,1,1.67,0,0,2.5,1,48,5,23.961,2
502,3,1,1,4,5,1,1,4,0,2,3,4,5,4,4,0,0,0,1,1,1,0,-1,1,1,1,-1,1,0,-1,1,-2,2,-2,2,0,-3,3,1,5,5,1,5,2,3,3,3,1,1.17,0,0.75,2.75,2,36,5,62.657,1.75
503,2,4,0,3,3,6,0,3,0,3,2,3,4,4,3,1,1,1,1,1,1,1,-1,1,1,1,1,-1,1,-1,1,-1,1,-1,1,-1,-1,1,1,1,3,3,3,3,3,3,3,0.33,1,1,1,3,1,21,3,99.082,1.5
504,3,1,0,3,6,6,0,1,1,1,0,5,2,3,1,2,2,2,2,2,2,-1,0,0,-1,-2,0,0,1,2,-2,1,-1,0,0,0,-3,3,1,0,3,2,4,0,0,0,1,0.17,-0.5,2,2,0.25,2,25,4,26.561,2
505,1,3,0,5,5,2,6,3,0,0,4,6,6,4,6,0,0,0,1,1,2,0,-3,3,2,0,0,0,1,0,0,0,0,0,0,2,-3,3,2,0,5,0,6,0,0,6,5,1.67,0.5,0,1,2.75,1,25,6,191.972,1.5
506,2,4,0,4,4,6,0,3,3,1,1,0,1,6,1,0,0,-1,0,-1,-1,-2,0,0,-1,0,1,-1,1,0,0,-1,1,0,0,-1,0,0,1,0,0,6,0,0,0,1,0,-0.83,0.5,0,-0.75,0.25,2,27,6,92.09,1.5
507,4,2,0,1,3,3,0,0,4,6,1,3,3,4,3,1,0,-1,-1,-1,-2,-2,1,-1,-1,-1,2,-2,-1,1,-1,2,-2,1,-1,-1,0,0,-1,1,2,5,1,0,0,2,2,-1.17,-1.17,0.5,-1.25,1,1,41,4,16.525,2
508,3,3,1,2,5,4,0,4,5,4,1,4,5,6,5,0,0,-1,0,0,1,-1,0,0,1,1,0,0,1,0,0,-2,2,-2,2,0,-3,3,1,4,4,2,4,0,2,4,4,0.5,1.17,0,0,2.5,1,51,4,37.904,2
509,2,3,0,6,6,5,4,2,0,0,6,6,5,5,5,0,1,0,0,0,1,1,-3,3,0,0,-1,1,1,-2,2,-2,2,-2,2,2,-2,2,2,1,4,0,6,0,0,4,3,1.5,1.5,0.5,0.25,1.75,2,28,4,194.839,1.75
510,3,1,0,1,6,3,0,1,4,5,0,5,5,3,6,0,0,0,0,0,0,0,0,0,0,0,0,0,0,0,0,0,0,0,0,0,0,0,0,4,6,0,6,2,5,6,6,0,0,0,0,4.75,1,22,5,45.888,1.25
511,3,4,0,6,6,2,6,1,0,0,0,0,0,6,0,0,0,-3,-3,-3,-2,-3,2,-2,-3,-3,3,-3,0,2,-2,0,0,3,-3,-3,-3,3,-2,0,0,6,0,0,0,3,0,-1.83,-1.67,0,-2.75,0.75,1,29,5,35.975,1.5
512,2,1,1,5,4,6,4,4,1,1,4,4,5,3,5,1,1,2,2,2,2,1,-1,1,1,2,-1,1,1,-2,2,-2,2,-2,2,1,-2,2,1,4,5,2,4,3,4,4,5,1.17,1.67,1,2,4,1,35,5,74.565,1.5
513,1,3,0,4,3,2,6,5,0,1,3,2,4,6,0,-1,3,-1,0,-2,-2,-3,0,0,-2,-2,0,0,-2,3,-3,3,-3,3,-3,-3,0,0,-3,0,0,6,0,0,0,0,0,-1.33,-2.67,1,-1.25,0,1,62,6,173.324,0.75
514,1,1,0,1,6,3,0,2,4,6,0,5,5,2,3,0,-1,1,1,1,2,-1,-1,1,1,2,0,0,-1,0,0,1,-1,-1,1,2,-2,2,0,3,4,2,4,0,4,4,5,0.83,0.17,-0.5,1.25,3.25,2,21,6,114.508,1.5
515,1,2,1,4,6,2,6,0,0,0,0,6,6,6,4,0,0,0,0,0,0,0,0,0,1,1,0,0,0,0,0,-1,1,-2,2,2,-2,2,0,4,5,0,6,0,2,5,6,0.83,0.67,0,0,3.25,2,44,6,127.352,2
516,4,4,0,3,3,3,0,0,0,5,0,1,1,2,1,1,1,-2,-2,-2,-2,-2,2,-2,-2,-2,2,-2,-2,3,-3,3,-3,3,-3,-3,-2,2,-2,0,2,5,1,0,0,0,0,-1.5,-2.5,1,-2,0,2,22,0,25.554,2
517,3,3,0,5,6,1,0,6,1,0,4,2,2,4,3,0,0,0,-1,0,0,0,0,0,0,-1,0,0,0,-1,1,-1,1,-1,1,0,-2,2,0,1,2,4,2,0,1,1,3,0.33,0.33,0,-0.25,1.25,2,53,3,90.304,1.25
518,2,3,1,1,1,3,0,0,3,6,0,3,3,2,2,-1,3,-1,0,0,-2,1,2,-2,-1,-1,-3,3,0,2,-2,-2,2,0,0,1,-2,2,-1,1,2,3,3,0,1,4,2,0.67,-0.33,1,-0.75,1.75,2,23,3,207.764,1.5
519,3,4,0,3,5,3,1,2,1,4,2,2,1,5,3,1,2,-1,-1,0,-1,-1,0,0,-1,-1,1,-1,0,0,0,-2,2,-1,1,1,-3,3,1,2,3,3,3,0,1,3,2,0.17,0.5,1.5,-0.75,1.5,1,31,3,40.166,1.5
520,3,1,0,4,4,5,4,3,2,3,4,0,3,2,0,2,2,2,-2,-3,-3,-3,-3,3,-3,-1,2,-2,0,0,0,-1,1,-1,1,-1,-3,3,0,0,0,5,1,0,0,3,2,-0.5,0.17,2,-1.5,1.25,2,43,2,119.864,1.5
521,1,1,0,1,3,3,1,2,6,6,0,6,6,0,6,0,0,2,3,3,3,0,-3,3,3,3,0,0,3,-3,3,-3,3,-3,3,3,-3,3,3,2,6,0,6,0,2,6,6,2,3,0,2.75,3.5,2,46,6,70.825,1.5
522,1,3,1,2,4,3,0,1,0,6,0,2,2,3,2,0,0,0,0,0,0,-1,0,0,1,1,1,-1,0,-2,2,-2,2,0,0,2,-2,2,0,3,2,4,2,0,0,3,3,0.5,0.83,0,0,1.5,1,33,5,101.936,1.75
523,3,1,0,3,3,6,3,3,4,2,3,3,3,3,3,0,0,0,0,0,0,0,-3,3,0,0,0,0,0,0,0,0,0,-3,3,0,-3,3,0,3,3,2,4,0,4,4,6,1,0.5,0,0,3.5,2,60,6,58.667,1.25
524,3,2,0,3,6,5,0,3,0,2,3,0,0,6,0,0,0,-3,0,-3,-3,-3,3,-3,-3,-3,3,-3,-2,3,-3,-2,2,3,-3,-3,1,-1,-2,0,0,6,0,0,0,0,0,-2.67,-1.83,0,-2.25,0,1,33,6,16.003,1.75
525,2,3,0,5,4,2,4,0,0,0,1,2,4,3,4,1,1,1,1,1,1,-1,-1,1,1,1,0,0,1,-2,2,-2,2,-1,1,1,-3,3,2,2,4,2,4,3,3,4,4,0.83,1.5,1,1,3.5,2,49,3,266.179,1.75
526,2,3,1,0,6,3,0,1,6,6,0,5,6,5,4,2,2,2,2,2,2,1,-3,3,2,2,-1,1,2,-2,2,0,0,-2,2,2,-3,3,1,3,5,1,5,1,3,5,5,2,1.5,2,2,3.5,1,29,6,196.035,2
527,3,2,1,5,5,2,6,0,0,0,2,3,3,4,3,0,1,0,-1,0,0,-2,0,0,-1,0,-1,1,-1,0,0,1,-1,0,0,1,-2,2,-2,2,3,4,2,0,1,1,1,0.17,-0.67,0.5,-0.25,0.75,2,25,5,68.716,1.5
528,4,4,1,2,4,4,0,4,5,6,0,3,2,4,3,0,0,0,-1,0,-1,-1,1,-1,-1,-1,2,-2,1,1,-1,-1,1,0,0,1,-1,1,1,2,2,3,3,1,1,1,1,-0.5,0.17,0,-0.5,1,2,37,4,15.164,2
529,1,3,1,1,6,3,0,1,4,6,0,5,6,4,6,0,0,0,0,1,1,1,0,0,2,2,0,0,0,0,0,0,0,0,0,0,0,0,0,6,6,0,6,0,5,6,6,0.5,0.33,0,0.5,4.25,2,33,6,183.581,1.5
530,2,1,1,4,2,6,0,5,0,4,2,4,5,4,4,0,0,1,2,1,2,0,-1,1,2,2,-2,2,1,-2,2,1,-1,-2,2,2,-2,2,1,4,5,1,5,1,4,5,5,1.5,1.17,0,1.5,3.75,1,34,5,119.221,1.5
531,3,1,0,2,4,6,3,3,2,2,1,5,5,5,5,0,1,0,0,1,1,2,-2,2,2,2,-3,3,2,-2,2,-3,3,-3,3,2,-3,3,2,5,5,0,6,4,5,5,6,2.33,2.33,0.5,0.5,5,2,44,5,92.473,1.5
532,4,3,1,3,2,6,0,4,4,4,4,5,5,4,5,0,0,0,0,0,0,0,0,0,0,0,0,0,0,0,0,0,0,0,0,0,0,0,0,3,5,0,6,0,5,3,5,0,0,0,0,3.25,2,39,6,72.755,1.5
533,2,3,1,2,4,4,0,1,6,4,1,4,5,3,4,1,2,1,2,3,2,1,-1,1,1,2,-1,1,2,-1,1,-2,2,2,-2,3,-2,2,2,5,5,1,5,3,4,5,5,1.5,1.17,1.5,2,4.25,2,27,5,116.554,1.5
534,2,3,1,1,5,3,2,3,3,5,1,3,4,4,5,1,2,2,0,2,1,0,1,-1,-1,0,0,0,2,2,-2,1,-1,-1,1,-1,2,-2,1,3,5,2,4,4,2,2,3,-0.83,0.17,1.5,1.25,2.75,1,30,4,175.685,0.75
535,2,3,1,2,4,2,5,2,5,4,3,6,5,4,4,2,1,1,2,1,1,0,-1,1,1,0,1,-1,1,0,0,1,-1,0,0,1,1,-1,1,3,4,2,4,4,3,3,4,0.17,0.17,1.5,1.25,3.5,1,40,6,109.376,1.75
536,3,1,0,2,5,6,0,3,4,4,3,4,5,5,5,2,0,1,2,2,2,1,-2,2,1,2,-1,1,1,-1,1,-2,2,-3,3,1,-2,2,1,2,4,2,4,2,4,4,4,1.33,1.67,1,1.75,3.5,2,23,5,35.029,1.25
537,4,3,1,3,6,2,5,2,3,4,2,4,5,2,4,0,0,1,1,2,2,1,-3,3,2,2,-2,2,1,-2,2,-1,1,-1,1,2,-3,3,1,4,5,1,5,3,4,5,5,2.17,1.33,0,1.5,4.25,2,72,4,88.997,1.75
538,1,1,0,3,3,6,0,3,1,1,0,6,6,0,5,0,0,1,3,3,3,1,-3,3,3,1,-3,3,-2,-3,3,0,0,-3,3,3,-3,3,-1,5,6,0,6,4,5,6,6,2.67,0.67,0,2.5,5.25,2,51,6,65.923,1
539,2,1,0,3,3,3,0,0,4,5,4,5,6,5,5,0,0,0,0,0,0,2,-3,3,2,1,-3,3,3,-2,2,-2,2,-3,3,3,-3,3,3,4,4,0,6,1,3,5,6,2.67,2.33,0,0,3.75,2,29,6,142.375,1.25
540,4,3,1,2,4,3,5,1,0,6,1,6,5,2,4,0,0,1,2,0,-1,1,0,0,1,-1,0,0,0,-1,1,0,0,0,0,2,0,0,0,3,4,2,4,0,4,5,5,0.67,0,0,0.5,3.5,1,25,5,52.417,1.5
541,3,1,0,5,4,6,1,3,0,1,3,5,6,3,5,0,0,2,0,1,2,1,-2,2,2,2,-1,1,0,-2,2,0,0,-1,1,1,-1,1,0,3,5,0,6,1,4,2,5,1.33,0.83,0,1.25,3,1,20,6,56.651,1.5
542,4,3,1,3,3,3,0,0,0,6,0,3,4,4,4,0,0,0,0,0,0,1,2,-2,2,0,1,-1,1,0,0,-2,2,-1,1,-1,-1,1,0,3,3,3,3,0,3,0,3,0,0.67,0,0,1.5,1,26,4,12.422,1.25
543,4,3,0,3,4,6,1,4,0,1,1,3,4,4,2,0,0,0,0,0,0,0,0,0,0,0,0,0,0,0,0,0,0,0,0,0,0,0,0,2,2,4,2,0,4,5,5,0,0,0,0,3.5,2,37,6,87.539,1.5
544,2,1,0,6,6,5,4,3,0,0,6,6,6,4,4,1,2,3,3,3,3,2,-3,3,3,1,-3,3,0,-3,3,-1,1,-3,3,1,-3,3,0,5,6,0,6,0,0,5,4,2.5,1.33,1.5,3,2.25,1,35,6,71.023,1.5
545,1,4,0,3,2,6,0,1,0,2,1,2,0,6,1,2,3,-2,-1,-2,-2,-3,0,0,-3,-2,-3,3,0,3,-3,-2,2,-3,3,-2,0,0,0,0,0,5,1,0,0,0,0,-0.83,0,2.5,-1.75,0,2,35,5,92.388,1
546,2,3,1,3,3,4,2,3,5,4,4,5,6,4,6,1,0,1,1,2,1,2,-1,1,1,1,-2,2,1,-1,1,-1,1,1,-1,2,-2,2,2,5,6,0,6,5,5,4,5,1.67,0.83,0.5,1.25,4.75,2,39,4,182.701,1.75
547,1,3,0,3,4,4,0,2,5,2,2,6,5,6,5,1,2,2,2,2,2,1,1,-1,3,3,2,-2,2,-2,2,-2,2,-2,2,2,-2,2,2,6,6,6,0,0,5,5,5,0.83,2.17,1.5,2,3.75,1,51,5,115.208,1.5
548,4,4,0,4,4,1,0,4,3,5,1,4,4,5,5,0,0,0,0,0,0,0,0,0,1,1,-3,3,1,-3,3,-3,3,-3,3,3,-3,3,1,4,4,0,6,0,0,4,4,1.67,2,0,0,2,2,73,4,23.585,2
549,3,3,0,3,5,2,6,0,1,2,0,4,2,3,5,0,2,1,3,2,3,0,2,-2,2,1,1,-1,3,2,-2,-1,1,0,0,2,1,-1,1,5,3,4,2,6,6,3,5,0,0.67,1,2.25,5,1,29,4,29.479,0
550,4,1,0,2,2,3,0,3,4,6,1,3,2,4,2,0,0,-1,-1,0,-1,-2,0,0,-1,-2,1,-1,-1,0,0,0,0,0,0,-1,0,0,0,1,2,4,2,0,0,2,3,-0.83,-0.5,0,-0.75,1.25,2,31,5,36.257,1.25
551,2,3,1,2,4,3,2,0,0,6,0,6,6,3,5,0,0,1,3,2,2,0,-2,2,3,2,0,0,1,-3,3,-3,3,-2,2,2,-3,3,2,4,5,0,6,0,5,5,6,1.67,2.17,0,2,4,2,29,6,101.511,1.75
552,3,2,1,2,4,4,6,2,6,6,0,1,2,5,1,2,1,-3,-1,0,1,-3,1,-1,-3,-1,-2,2,-3,1,-1,-3,3,0,0,-2,-3,3,-1,0,2,4,2,0,0,4,1,-0.67,-0.5,1.5,-0.75,1.25,1,37,4,19.318,1.25
553,4,4,0,3,5,2,5,0,0,3,0,3,3,3,3,0,0,0,0,0,0,0,0,0,0,0,0,0,0,1,-1,-1,1,-1,1,1,0,0,0,0,3,3,3,0,1,3,2,0.17,0.17,0,0,1.5,1,32,3,19.886,2
554,1,1,0,2,5,3,1,2,4,5,2,5,5,4,5,0,0,0,0,0,0,0,0,0,1,1,-1,1,0,0,0,-2,2,0,0,0,-2,2,1,3,4,2,4,2,4,3,4,0.67,0.67,0,0,3.25,1,28,5,230.378,1.5
555,4,1,1,5,6,5,4,4,0,0,5,6,6,5,6,0,0,2,0,1,0,1,-2,2,2,0,-3,3,2,-3,3,-3,3,-3,3,2,-3,3,2,5,5,0,6,2,4,5,6,2.17,2.17,0,0.75,4.25,1,49,6,22.054,1
556,1,3,0,2,2,6,0,0,3,3,1,5,5,2,5,0,0,0,0,0,0,0,-1,1,0,0,-1,1,1,-1,1,-1,1,-1,1,1,-2,2,1,3,4,1,5,2,4,3,5,0.83,0.83,0,0,3.5,2,27,6,120.068,1.5
557,3,1,1,3,4,2,5,4,0,1,0,6,6,4,5,0,1,0,0,1,0,-1,-3,3,2,2,0,0,1,-2,2,-3,3,-3,3,2,-3,3,2,4,5,0,6,1,2,4,5,1.5,2.17,0.5,0.25,3,1,53,6,56.73,1.5
558,4,4,0,3,0,6,0,0,0,1,0,2,2,4,1,0,0,0,0,0,0,0,-1,1,-1,-1,1,-1,0,1,-1,-1,1,0,0,0,-2,2,0,1,2,5,1,0,0,1,3,0.17,-0.17,0,0,1,1,44,5,26.771,2
559,2,1,0,1,5,3,0,0,5,6,0,4,4,3,4,0,0,0,0,0,0,0,0,0,0,0,0,0,0,0,0,0,0,0,0,0,0,0,0,2,4,2,4,0,1,3,3,0,0,0,0,1.75,2,53,6,97.401,1.25
560,4,3,0,5,5,5,0,5,0,0,5,1,2,2,2,0,0,-2,0,-2,0,-1,1,-1,-2,-2,2,-2,-1,2,-2,0,0,2,-2,-2,0,0,0,0,1,5,1,0,0,0,0,-1.33,-1.17,0,-1,0,2,30,5,83.425,1.75
561,3,3,0,5,5,1,3,5,1,1,4,5,5,5,5,0,0,0,0,0,0,0,-1,1,1,0,0,0,0,1,-1,-1,1,-1,1,0,-1,1,1,4,4,2,4,1,3,4,4,0.5,0.33,0,0,3,2,56,6,79.137,1.75
562,1,3,0,1,2,4,4,1,5,1,1,4,5,4,4,0,-1,1,1,1,2,1,-2,2,2,2,-2,2,0,-1,1,-1,1,-2,2,2,-3,3,2,4,5,1,5,3,3,4,4,2,1.33,-0.5,1.25,3.5,2,33,4,173.466,1.5
563,1,1,1,6,6,2,5,5,0,0,5,6,6,2,6,0,0,0,3,3,3,2,-3,3,2,2,-3,3,0,-3,3,-3,3,-3,3,3,-3,3,1,6,6,0,6,2,5,5,5,2.67,2,0,2.25,4.25,1,65,6,68.044,1.5
564,1,1,0,0,6,3,0,3,3,6,0,4,6,2,5,0,0,0,1,1,1,0,-3,3,2,3,-1,1,0,-1,1,-2,2,-2,2,1,-3,3,0,3,5,0,6,0,3,5,6,1.67,1.33,0,0.75,3.5,2,27,6,153.691,2
565,4,1,0,3,5,2,3,0,0,0,0,3,3,3,3,0,0,0,0,0,0,0,0,0,0,0,0,0,0,-1,1,0,0,0,0,0,-1,1,0,2,2,4,2,0,0,5,3,0.17,0.17,0,0,2,1,46,5,98.999,1.5
566,4,3,1,2,4,4,2,1,3,5,1,4,4,4,4,1,1,1,2,1,1,1,-1,1,1,1,-1,1,1,-2,2,-2,2,-2,2,-2,-2,2,1,4,4,2,4,3,4,4,4,0.67,1.5,1,1.25,3.75,2,27,5,49.941,1.5
567,2,4,0,6,5,2,6,4,0,0,5,3,3,6,3,0,0,0,0,0,0,-1,0,0,-2,-1,1,-1,1,1,-1,0,0,1,-1,0,0,0,0,1,3,3,3,0,0,0,0,-0.67,-0.33,0,0,0,2,28,4,96.119,1.75
568,1,3,1,1,5,3,0,1,5,6,1,6,6,4,6,0,0,0,0,0,0,0,0,0,0,1,0,0,0,0,0,0,0,0,0,0,0,0,0,5,6,0,6,0,4,0,6,0,0.17,0,0,2.5,2,57,6,101.358,1.25
569,3,3,1,1,4,3,0,1,3,6,0,4,5,3,4,0,0,1,0,-1,1,0,-2,2,1,2,0,0,1,-2,2,-3,3,-3,3,2,-3,3,1,4,5,0,6,1,4,3,5,1.33,2,0,0.25,3.25,1,29,5,61.477,2
570,1,3,0,4,5,5,4,3,0,1,4,5,4,4,5,0,0,1,1,1,1,1,-2,2,0,1,-1,1,1,-2,2,-3,3,-3,3,2,-3,3,1,4,5,1,5,1,2,5,4,1.5,1.83,0,1,3,2,47,4,192.538,1.5
571,3,4,0,3,3,3,0,0,1,5,1,1,2,3,2,1,1,-1,-2,-1,-2,-3,0,0,-2,-2,2,-2,0,0,0,0,0,1,-1,-1,0,0,0,0,1,5,1,0,0,2,0,-1.33,-0.5,1,-1.5,0.5,1,28,6,63.252,1.75
572,2,2,0,4,4,1,2,4,3,3,0,4,3,3,4,0,0,0,0,0,0,0,0,0,0,0,1,-1,-1,0,0,-1,1,1,-1,3,-3,3,1,3,4,0,6,0,4,4,3,0.83,0,0,0,2.75,1,36,6,50.449,1.5
573,3,2,0,0,6,4,1,1,6,3,0,0,0,6,0,0,0,-3,-1,-3,-2,-3,3,-3,-3,-3,3,-3,-3,3,-3,-3,3,3,-3,-3,0,0,-3,0,0,6,0,0,0,0,0,-2.5,-2,0,-2.25,0,2,44,6,15.503,1.75
574,3,3,1,3,3,2,5,1,0,4,0,2,2,5,3,2,2,-1,0,-1,0,-1,2,-2,-3,-1,1,-1,0,1,-1,-3,3,-1,1,-3,-3,3,0,0,2,4,2,0,0,2,2,-1.17,0.33,2,-0.5,1,2,35,1,106.938,2
575,2,3,1,1,5,3,0,0,4,6,0,5,6,4,6,0,0,0,0,0,0,1,-2,2,2,2,-2,2,2,-2,2,-1,1,-3,3,3,-3,3,1,4,5,1,5,1,5,5,6,2.17,1.83,0,0,4.25,1,35,6,173.534,2
576,3,1,0,1,4,2,6,1,3,4,2,4,3,4,3,1,2,2,3,3,1,1,-1,1,1,1,-1,1,2,-2,2,1,-1,2,-2,2,-2,2,2,2,4,2,4,0,0,3,3,1.33,0.67,1.5,2.25,1.5,2,31,4,16.318,1.5
577,2,3,0,5,5,2,6,5,0,3,4,5,5,5,5,2,2,2,2,2,2,1,-2,2,2,2,0,0,1,-2,2,-2,2,-2,2,2,-2,2,2,4,5,1,5,2,3,4,4,1.5,1.83,2,2,3.25,1,47,4,207.068,2
578,2,1,0,2,4,6,0,0,4,4,1,6,6,4,6,0,0,1,2,2,2,2,-3,3,2,2,-3,3,2,-3,3,-3,3,-3,3,3,-3,3,2,4,6,0,6,3,6,6,6,2.67,2.5,0,1.75,5.25,2,39,6,115.286,1.5
579,2,3,1,1,5,3,0,0,5,6,0,4,4,2,3,0,0,0,0,0,0,0,-3,3,1,0,-1,1,1,0,0,-2,2,-2,2,1,-3,3,1,3,4,0,6,0,4,3,4,1.5,1,0,0,2.75,2,31,4,110.967,1.75
580,2,3,1,4,4,2,5,1,0,5,0,3,5,6,4,0,0,-1,0,0,1,1,-2,2,2,3,-2,2,2,-2,2,-2,2,-3,3,2,-2,2,1,5,6,0,6,1,3,4,5,1.83,2.17,0,0,3.25,2,26,5,185.851,1.5
581,4,4,1,1,4,4,0,0,5,4,0,2,1,4,3,0,0,0,-2,-1,0,-2,0,0,-1,-1,2,-2,0,1,-1,-1,1,0,0,-1,0,0,0,2,2,4,2,0,0,1,2,-1,-0.17,0,-0.75,0.75,2,36,4,23.866,2
582,3,4,0,4,6,6,0,0,0,0,0,0,0,5,0,0,0,-1,-2,-2,-2,-2,2,-2,-3,-3,3,-3,0,3,-3,-2,2,3,-3,-3,1,-1,0,0,0,6,0,0,0,0,0,-2.33,-1.17,0,-1.75,0,2,31,4,40.362,1.75
583,1,3,1,0,6,3,0,0,5,6,0,4,3,4,4,1,-1,0,1,1,-1,0,-2,2,1,-1,0,0,-1,1,-1,0,0,1,-1,0,1,-1,1,3,4,4,2,3,2,4,3,0.33,-0.5,0,0.25,3,1,27,4,213.338,1.25
584,4,1,0,2,4,3,0,1,3,4,0,3,4,3,3,0,0,0,0,0,0,0,0,0,0,0,0,0,0,0,0,0,0,0,0,0,0,0,0,3,3,2,4,0,1,3,3,0,0,0,0,1.75,1,26,5,14.818,1.5
585,3,3,0,4,4,2,4,2,0,3,2,5,6,4,5,0,0,1,0,0,1,0,0,0,1,0,0,0,1,-1,1,-1,1,-1,1,0,0,0,0,4,5,1,5,1,5,5,5,0.17,0.67,0,0.5,4,2,38,6,77.467,2
586,3,1,0,5,5,5,4,3,0,0,6,3,4,2,2,0,0,0,1,0,1,-2,-3,3,1,0,1,-1,0,-2,2,0,0,-2,2,1,-3,3,0,2,3,0,6,0,1,4,4,0.83,0.67,0,0.5,2.25,2,67,4,106.839,2
587,4,2,0,0,6,3,1,0,4,6,0,0,0,4,3,0,0,-2,-1,-2,-1,-3,1,-1,-2,0,2,-2,0,0,0,-1,1,2,-2,-1,-2,2,0,0,0,5,1,0,0,2,3,-1.17,-0.17,0,-1.5,1.25,1,34,4,15.79,2
588,2,1,0,1,5,3,0,0,0,6,0,4,5,2,5,0,0,0,2,2,0,0,-1,1,2,1,-1,1,0,0,0,-1,1,-1,1,2,-2,2,0,3,4,1,5,1,4,5,4,1.33,0.5,0,1,3.5,2,25,6,144.578,1.5
589,2,1,0,1,5,4,4,2,6,1,2,6,6,5,5,1,2,1,2,2,2,2,-3,3,3,2,-3,3,2,-2,2,-2,2,-2,2,3,-3,3,1,4,5,0,6,3,4,6,5,2.83,1.83,1.5,1.75,4.5,1,31,6,113.979,1.75
590,2,1,0,6,6,2,6,0,0,0,0,3,3,0,4,0,0,0,0,0,0,-1,0,0,0,-1,0,0,0,0,0,0,0,0,0,0,0,0,0,3,3,3,3,0,0,0,4,-0.17,-0.17,0,0,1,2,59,3,129.474,1.5
591,2,2,0,0,6,4,0,0,6,5,0,1,0,3,1,0,0,0,0,0,-1,-3,0,0,-2,-2,3,-3,0,1,-1,0,0,0,0,0,0,0,0,1,0,5,1,0,0,2,0,-1.33,-0.5,0,-0.25,0.5,2,37,5,45.316,2
592,4,3,0,3,3,1,0,6,0,0,4,5,5,5,4,0,0,0,0,0,0,0,-2,2,1,-1,1,-1,1,-2,2,-2,2,-2,2,1,-3,3,1,4,5,0,6,0,4,4,3,1,1.17,0,0,2.75,2,69,5,113.307,1.5
593,3,1,0,0,6,3,0,0,3,6,0,5,5,5,3,0,0,0,0,0,0,0,0,0,0,0,0,0,0,0,0,0,0,0,0,0,0,0,0,0,3,3,3,0,0,2,3,0,0,0,0,1.25,2,30,5,45.397,1
594,1,4,1,1,6,3,1,2,4,6,0,4,4,6,5,3,3,2,2,2,3,0,-1,1,0,0,-1,1,3,2,-2,-1,1,-2,2,2,-3,3,3,3,5,1,5,0,0,3,3,1.17,1.17,3,2.25,1.5,1,22,6,106.231,1.5
595,3,1,0,4,1,6,2,0,2,1,0,4,3,3,3,1,0,0,0,0,0,-1,0,0,0,0,-1,1,0,0,0,-1,1,0,0,1,-1,1,0,4,4,2,4,0,1,1,2,0.33,0.17,0.5,0,1,1,28,5,22.022,1.5
596,4,1,0,0,6,3,0,1,3,5,0,4,5,1,3,0,0,0,0,0,0,0,-2,2,2,1,-2,2,0,-1,1,-1,1,-2,2,2,-3,3,0,3,4,1,5,2,5,5,5,1.83,0.83,0,0,4.25,1,30,5,35.319,1.5
597,2,3,0,3,0,6,0,1,0,0,0,3,4,5,2,2,3,1,1,1,-1,1,0,0,0,2,0,0,1,-1,1,-2,2,1,-1,1,-3,3,0,1,2,4,2,0,0,3,2,0.83,0.83,2.5,0.5,1.25,2,19,6,202.664,1.75
598,4,3,1,1,5,4,0,0,6,6,0,6,6,6,6,0,0,0,2,2,2,2,-3,3,2,2,-3,3,2,-3,3,-3,3,-3,3,3,-3,3,3,6,6,0,6,3,6,6,6,2.67,2.67,0,1.5,5.25,2,51,6,123.474,1.5
599,4,1,0,0,6,3,1,1,0,6,0,2,3,4,2,0,0,-1,0,-1,0,-2,0,0,-1,-2,2,-2,0,1,-1,-1,1,0,0,-1,0,0,0,1,1,4,2,0,0,3,2,-1,-0.33,0,-0.5,1.25,2,42,4,43.74,1.75
600,3,3,0,3,3,6,3,3,3,3,3,4,4,4,4,0,0,0,0,0,0,0,0,0,0,0,0,0,0,0,0,0,0,0,0,0,0,0,0,3,3,3,3,0,0,4,4,0,0,0,0,2,1,22,3,36.617,0.75
601,3,3,1,0,6,3,0,2,4,6,0,5,4,3,5,0,1,1,1,0,1,1,-2,2,2,3,-1,1,2,-2,2,-2,2,-2,2,2,-3,3,2,5,6,0,6,0,4,4,6,1.83,2.17,0.5,0.75,3.5,1,25,5,28.174,1.5
602,1,1,0,1,5,3,0,1,5,6,1,4,5,2,4,0,-1,1,2,2,1,-1,-2,2,2,2,1,-1,1,-1,1,-1,1,-1,1,1,-3,3,0,2,4,2,4,0,2,3,4,1,1,-0.5,1.5,2.25,2,57,4,116.726,1
603,2,4,1,2,4,3,0,2,4,5,0,3,3,3,3,1,1,0,0,0,1,0,-1,1,0,0,0,0,0,-1,1,0,0,0,0,1,-3,3,0,0,2,4,2,0,0,1,2,0.83,0.17,1,0.25,0.75,2,55,2,93.584,1.75
604,1,3,0,4,4,5,0,4,2,3,4,4,4,4,4,0,0,0,0,0,0,0,-2,2,2,1,0,0,1,-2,2,-2,2,-3,3,2,-3,3,1,4,4,1,5,0,0,3,4,1.5,1.67,0,0,1.75,2,45,4,101.563,1.5
605,1,1,0,4,4,6,0,3,1,1,0,5,5,2,5,0,0,-1,1,0,0,-1,0,0,1,1,1,-1,-1,0,0,1,-1,-1,1,0,0,0,-1,4,5,0,6,1,5,4,5,-0.17,-0.17,0,0,3.75,1,52,6,68.178,1.75
606,3,3,1,1,4,4,0,3,6,5,2,4,5,4,4,1,1,2,1,1,1,1,-1,1,1,1,-1,1,1,-1,1,-1,1,-1,1,1,-2,2,2,4,5,1,5,2,4,5,4,1.17,1.17,1,1.25,3.75,2,28,5,39.768,1.5
607,4,3,1,1,5,3,0,1,3,6,0,6,6,4,5,0,0,0,0,0,0,0,0,0,0,0,0,0,0,0,0,0,0,0,0,0,0,0,0,4,5,1,5,0,3,5,5,0,0,0,0,3.25,1,27,6,35.106,1.75